/*
SQLyog Ultimate - MySQL GUI v8.2
MySQL - 5.7.13-log : Database - xw-mail
*********************************************************************
*/

/*!40101 SET NAMES utf8 */;

/*!40101 SET SQL_MODE=''*/;

/*!40014 SET @OLD_UNIQUE_CHECKS=@@UNIQUE_CHECKS, UNIQUE_CHECKS=0 */;
/*!40014 SET @OLD_FOREIGN_KEY_CHECKS=@@FOREIGN_KEY_CHECKS, FOREIGN_KEY_CHECKS=0 */;
/*!40101 SET @OLD_SQL_MODE=@@SQL_MODE, SQL_MODE='NO_AUTO_VALUE_ON_ZERO' */;
/*!40111 SET @OLD_SQL_NOTES=@@SQL_NOTES, SQL_NOTES=0 */;
CREATE DATABASE /*!32312 IF NOT EXISTS*/`xw-mail` /*!40100 DEFAULT CHARACTER SET utf8 */;

USE `xw-mail`;

/*Table structure for table `bi_email_content_config` */

DROP TABLE IF EXISTS `bi_email_content_config`;

CREATE TABLE `bi_email_content_config` (
  `id` bigint(32) NOT NULL AUTO_INCREMENT COMMENT 'ID',
  `email_job_id` varchar(64) DEFAULT NULL COMMENT '任务id',
  `content_id` varchar(64) DEFAULT NULL COMMENT '内容id：文本、图片、excel等',
  `type` varchar(64) DEFAULT NULL COMMENT '内容类型：1 文本；2、图片 3、附件 4 自动生成Excel ……',
  `del` tinyint(4) DEFAULT NULL COMMENT '是否删除：0 正常 ，1 已删除',
  `create_time` datetime DEFAULT NULL COMMENT '创建时间',
  `create_man` bigint(20) DEFAULT NULL COMMENT '创建人',
  `memo_1` varchar(64) DEFAULT NULL COMMENT '备用字段 1',
  `memo_2` varchar(64) DEFAULT NULL COMMENT '备用字段 2',
  `memo_3` varchar(64) DEFAULT NULL COMMENT '备用字段 3',
  PRIMARY KEY (`id`)
) ENGINE=InnoDB AUTO_INCREMENT=92 DEFAULT CHARSET=utf8mb4 COMMENT='邮件内容配置';

/*Data for the table `bi_email_content_config` */

/*Table structure for table `bi_email_excel_config` */

DROP TABLE IF EXISTS `bi_email_excel_config`;

CREATE TABLE `bi_email_excel_config` (
  `id` bigint(32) NOT NULL AUTO_INCREMENT COMMENT 'ID',
  `name` varchar(64) DEFAULT NULL COMMENT 'Excel文件名',
  `file_desc` varchar(200) DEFAULT NULL COMMENT '文件描述',
  `del` tinyint(4) DEFAULT NULL COMMENT '是否删除：0 正常 ，1 已删除',
  `create_time` datetime DEFAULT NULL COMMENT '创建时间',
  `create_man` bigint(20) DEFAULT NULL COMMENT '创建人',
  `last_option_man` bigint(20) DEFAULT NULL COMMENT '最后一次操作人',
  `last_option_time` datetime DEFAULT NULL COMMENT '最后一次操作时间',
  `memo_1` varchar(64) DEFAULT NULL COMMENT '备用字段 1',
  `memo_2` varchar(64) DEFAULT NULL COMMENT '备用字段 2',
  `memo_3` varchar(64) DEFAULT NULL COMMENT '备用字段 3',
  PRIMARY KEY (`id`)
) ENGINE=InnoDB AUTO_INCREMENT=8 DEFAULT CHARSET=utf8mb4 COMMENT='邮件Excel内容配置';

/*Data for the table `bi_email_excel_config` */

/*Table structure for table `bi_email_excel_sheet_config` */

DROP TABLE IF EXISTS `bi_email_excel_sheet_config`;

CREATE TABLE `bi_email_excel_sheet_config` (
  `id` bigint(32) NOT NULL AUTO_INCREMENT COMMENT 'ID',
  `excel_id` bigint(32) DEFAULT NULL COMMENT 'Excel id',
  `sheet_id` bigint(32) DEFAULT NULL COMMENT 'sheet id',
  `del` tinyint(4) DEFAULT NULL COMMENT '是否删除：0 正常 ，1 已删除',
  `create_time` datetime DEFAULT NULL COMMENT '创建时间',
  `create_man` bigint(20) DEFAULT NULL COMMENT '创建人',
  `memo_1` varchar(64) DEFAULT NULL COMMENT '备用字段 1',
  `memo_2` varchar(64) DEFAULT NULL COMMENT '备用字段 2',
  `memo_3` varchar(64) DEFAULT NULL COMMENT '备用字段 3',
  PRIMARY KEY (`id`)
) ENGINE=InnoDB AUTO_INCREMENT=15 DEFAULT CHARSET=utf8mb4 COMMENT='邮件内容配置';

/*Data for the table `bi_email_excel_sheet_config` */

/*Table structure for table `bi_email_job_config` */

DROP TABLE IF EXISTS `bi_email_job_config`;

CREATE TABLE `bi_email_job_config` (
  `id` bigint(32) NOT NULL AUTO_INCREMENT COMMENT 'ID',
  `send_to` varchar(1500) DEFAULT NULL COMMENT '收件人邮箱地址',
  `cc` varchar(1500) DEFAULT NULL COMMENT '抄送人邮箱地址',
  `bcc` varchar(1500) DEFAULT NULL COMMENT '密送人邮箱地址',
  `subject` varchar(200) DEFAULT NULL COMMENT '邮件主题',
  `job_desc` varchar(200) DEFAULT NULL COMMENT '任务描述',
  `email_content_id` varchar(64) DEFAULT NULL COMMENT '邮箱内容ID',
  `cron_expression` varchar(20) DEFAULT NULL COMMENT '发送周期： cron 表达式',
  `email_sender_id` bigint(32) DEFAULT NULL COMMENT '邮箱发送者ID',
  `del` tinyint(4) DEFAULT NULL COMMENT '是否删除：0 正常 ，1 已删除',
  `job_name` varchar(100) DEFAULT NULL COMMENT '任务名称',
  `job_group` varchar(100) DEFAULT NULL COMMENT '任务组',
  `job_bean_class` varchar(64) DEFAULT NULL COMMENT '任务执行时调用的类：包名+类名',
  `method_name` varchar(64) DEFAULT NULL COMMENT '方法名',
  `job_status` tinyint(4) DEFAULT NULL COMMENT '任务状态：0 未启动 ，1 已启动',
  `isConcurrent` tinyint(4) DEFAULT NULL COMMENT '任务是否有状态：0 没有 ，1 有',
  `create_time` datetime DEFAULT NULL COMMENT '创建时间',
  `create_man` bigint(20) DEFAULT NULL COMMENT '创建人',
  `memo_1` varchar(64) DEFAULT NULL COMMENT '是否是单表大数据邮件',
  `memo_2` varchar(64) DEFAULT NULL COMMENT '备用字段 2',
  `memo_3` varchar(64) DEFAULT NULL COMMENT '备用字段 3',
  `last_option_man` bigint(20) DEFAULT NULL COMMENT '最后一次操作人',
  `last_option_time` datetime DEFAULT NULL COMMENT '最后一次修改时间',
  PRIMARY KEY (`id`)
) ENGINE=InnoDB AUTO_INCREMENT=18 DEFAULT CHARSET=utf8mb4 COMMENT='邮件作业任务配置';

/*Data for the table `bi_email_job_config` */

/*Table structure for table `bi_email_job_run_diary` */

DROP TABLE IF EXISTS `bi_email_job_run_diary`;

CREATE TABLE `bi_email_job_run_diary` (
  `id` bigint(32) NOT NULL AUTO_INCREMENT COMMENT '主键ID',
  `job_id` bigint(32) DEFAULT NULL COMMENT '任务ID',
  `job_name` varchar(64) DEFAULT NULL COMMENT '任务名称',
  `start_time` timestamp NOT NULL DEFAULT CURRENT_TIMESTAMP ON UPDATE CURRENT_TIMESTAMP COMMENT '任务开始时间',
  `end_time` timestamp NOT NULL DEFAULT '0000-00-00 00:00:00' COMMENT '任务结束时间',
  `run_state` int(2) DEFAULT NULL COMMENT '运行状态 0 正在执行，1 失败， 2 成功 ',
  `failed_type` int(2) DEFAULT NULL COMMENT '0 程序异常 ，1 数据异常 2 程序异常',
  `retry_times` int(2) DEFAULT NULL COMMENT '重试次数',
  `retried` int(1) DEFAULT NULL COMMENT '0 未重试， 1已经重试',
  `failed_msg` varchar(500) DEFAULT NULL COMMENT '失败信息。程序异常',
  `origin_to` varchar(1000) DEFAULT NULL COMMENT '原始收件人',
  `origin_bc` varchar(1000) DEFAULT NULL COMMENT '原始抄送人',
  `origin_cc` varchar(1000) DEFAULT NULL COMMENT '原始密送人',
  `str1` varchar(50) DEFAULT NULL COMMENT '备用字段1',
  `str2` varchar(50) DEFAULT NULL COMMENT '备用字段2',
  `str3` varchar(50) DEFAULT NULL COMMENT '备用字段3',
  `str4` varchar(50) DEFAULT NULL COMMENT '备用字段4',
  `str5` varchar(50) DEFAULT NULL COMMENT '备用字段5',
  PRIMARY KEY (`id`)
) ENGINE=InnoDB AUTO_INCREMENT=5078 DEFAULT CHARSET=utf8;

/*Data for the table `bi_email_job_run_diary` */

/*Table structure for table `bi_email_receiver_group_config` */

DROP TABLE IF EXISTS `bi_email_receiver_group_config`;

CREATE TABLE `bi_email_receiver_group_config` (
  `id` bigint(32) NOT NULL AUTO_INCREMENT COMMENT 'ID',
  `name` varchar(64) DEFAULT NULL COMMENT '组名',
  `group_desc` varchar(128) DEFAULT NULL COMMENT '组描述',
  `group_element` varchar(1500) DEFAULT NULL COMMENT '组内成员',
  `del` tinyint(4) DEFAULT NULL COMMENT '是否删除：0 正常 ，1 已删除',
  `create_time` datetime DEFAULT NULL COMMENT '创建时间',
  `create_man` bigint(20) DEFAULT NULL COMMENT '创建人',
  `last_option_time` datetime DEFAULT NULL COMMENT '最后修改时间',
  `last_option_man` bigint(20) DEFAULT NULL COMMENT '最后修改人',
  `memo_1` varchar(64) DEFAULT NULL COMMENT '备用字段 1',
  `memo_2` varchar(64) DEFAULT NULL COMMENT '备用字段 2',
  `memo_3` varchar(64) DEFAULT NULL COMMENT '备用字段 3',
  PRIMARY KEY (`id`)
) ENGINE=InnoDB AUTO_INCREMENT=19 DEFAULT CHARSET=utf8mb4 COMMENT='邮件收件人组配置';

/*Data for the table `bi_email_receiver_group_config` */

/*Table structure for table `bi_email_sender_config` */

DROP TABLE IF EXISTS `bi_email_sender_config`;

CREATE TABLE `bi_email_sender_config` (
  `id` bigint(32) NOT NULL AUTO_INCREMENT COMMENT 'ID',
  `email_name` varchar(64) DEFAULT NULL COMMENT '邮箱名称',
  `email_addr` varchar(64) DEFAULT NULL COMMENT '邮箱地址',
  `email_pwd` varchar(64) DEFAULT NULL COMMENT '密码',
  `email_maintainer_addrs` varchar(1500) DEFAULT NULL COMMENT '维护人员邮箱地址：当邮件发送有异常时通知该人员',
  `del` tinyint(4) DEFAULT NULL COMMENT '是否删除：0 正常 ，1 已删除',
  `create_time` datetime DEFAULT NULL COMMENT '创建时间',
  `create_man` bigint(20) DEFAULT NULL COMMENT '创建人',
  `last_option_time` datetime DEFAULT NULL COMMENT '最后修改时间',
  `last_option_man` bigint(20) DEFAULT NULL COMMENT '最后修改人',
  `mail_transport_protocol` varchar(20) DEFAULT NULL COMMENT '邮箱使用的协议',
  `mail_smtp_host` varchar(50) DEFAULT NULL COMMENT '邮箱服务器',
  `mail_smtp_auth` varchar(10) DEFAULT NULL COMMENT '是否开启请求认证',
  `mail_smtp_timeout` varchar(32) DEFAULT NULL COMMENT '超时时间',
  `mail_smtp_connection_timeout` varchar(32) DEFAULT NULL COMMENT '连接超时时间',
  `memo_1` varchar(64) DEFAULT NULL COMMENT '备用字段 1',
  `memo_2` varchar(64) DEFAULT NULL COMMENT '备用字段 2',
  `memo_3` varchar(64) DEFAULT NULL COMMENT '备用字段 3',
  PRIMARY KEY (`id`)
) ENGINE=InnoDB AUTO_INCREMENT=3 DEFAULT CHARSET=utf8mb4 COMMENT='邮件发送者邮箱配置';

/*Data for the table `bi_email_sender_config` */

/*Table structure for table `bi_email_sheet_config` */

DROP TABLE IF EXISTS `bi_email_sheet_config`;

CREATE TABLE `bi_email_sheet_config` (
  `id` bigint(32) NOT NULL AUTO_INCREMENT COMMENT 'ID',
  `sheet_name` varchar(64) DEFAULT NULL COMMENT 'sheet名',
  `titles` varchar(2000) DEFAULT NULL COMMENT 'sheet表头',
  `coloums` varchar(2500) DEFAULT NULL COMMENT '数据库列名 与sql查询返回的列名一致',
  `q_sql` text COMMENT 'sql 语句',
  `data_source` varchar(20) DEFAULT NULL COMMENT '数据源',
  `nodata_deal` int(11) DEFAULT NULL COMMENT '空数据处理方案： 1 发送空表, 2 终止发送,记录错误信息',
  `data_range` int(11) DEFAULT NULL COMMENT '数据量是否巨大： 0 否、1 是',
  `del` tinyint(4) DEFAULT NULL COMMENT '是否删除：0 正常 ，1 已删除',
  `create_time` datetime DEFAULT NULL COMMENT '创建时间',
  `create_man` bigint(20) DEFAULT NULL COMMENT '创建人',
  `last_option_man` bigint(20) DEFAULT NULL COMMENT '最后一次修改人',
  `last_option_time` datetime DEFAULT NULL COMMENT '最后一次修改时间',
  `memo_1` varchar(64) DEFAULT NULL COMMENT '备用字段 1',
  `memo_2` varchar(64) DEFAULT NULL COMMENT '备用字段 2',
  `memo_3` varchar(64) DEFAULT NULL COMMENT '备用字段 3',
  PRIMARY KEY (`id`)
) ENGINE=InnoDB AUTO_INCREMENT=8 DEFAULT CHARSET=utf8mb4 COMMENT='邮件Excel中sheet配置';

/*Data for the table `bi_email_sheet_config` */

/*Table structure for table `bi_email_text_content_config` */

DROP TABLE IF EXISTS `bi_email_text_content_config`;

CREATE TABLE `bi_email_text_content_config` (
  `id` bigint(32) NOT NULL AUTO_INCREMENT COMMENT 'ID',
  `name` varchar(64) DEFAULT NULL COMMENT '标题',
  `content` varchar(1000) DEFAULT NULL COMMENT '文本内容',
  `del` tinyint(4) DEFAULT NULL COMMENT '是否删除：0 正常 ，1 已删除',
  `create_time` datetime DEFAULT NULL COMMENT '创建时间',
  `create_man` bigint(20) DEFAULT NULL COMMENT '创建人',
  `last_option_time` datetime DEFAULT NULL COMMENT '最后修改时间',
  `last_option_man` bigint(20) DEFAULT NULL COMMENT '最后修改人',
  `memo_1` varchar(64) DEFAULT NULL COMMENT '备用字段 1',
  `memo_2` varchar(64) DEFAULT NULL COMMENT '备用字段 2',
  `memo_3` varchar(64) DEFAULT NULL COMMENT '备用字段 3',
  PRIMARY KEY (`id`)
) ENGINE=InnoDB AUTO_INCREMENT=4 DEFAULT CHARSET=utf8mb4 COMMENT='邮件文本内容配置';

/*Data for the table `bi_email_text_content_config` */

/*Table structure for table `oa_notify` */

DROP TABLE IF EXISTS `oa_notify`;

CREATE TABLE `oa_notify` (
  `id` bigint(20) NOT NULL AUTO_INCREMENT COMMENT '编号',
  `type` char(1) COLLATE utf8_bin DEFAULT NULL COMMENT '类型',
  `title` varchar(200) COLLATE utf8_bin DEFAULT NULL COMMENT '标题',
  `content` varchar(2000) COLLATE utf8_bin DEFAULT NULL COMMENT '内容',
  `files` varchar(2000) COLLATE utf8_bin DEFAULT NULL COMMENT '附件',
  `status` char(1) COLLATE utf8_bin DEFAULT NULL COMMENT '状态',
  `create_by` bigint(20) DEFAULT NULL COMMENT '创建者',
  `create_date` datetime DEFAULT NULL COMMENT '创建时间',
  `update_by` varchar(64) COLLATE utf8_bin DEFAULT NULL COMMENT '更新者',
  `update_date` datetime DEFAULT NULL COMMENT '更新时间',
  `remarks` varchar(255) COLLATE utf8_bin DEFAULT NULL COMMENT '备注信息',
  `del_flag` char(1) COLLATE utf8_bin DEFAULT '0' COMMENT '删除标记',
  PRIMARY KEY (`id`),
  KEY `oa_notify_del_flag` (`del_flag`)
) ENGINE=InnoDB AUTO_INCREMENT=48 DEFAULT CHARSET=utf8 COLLATE=utf8_bin COMMENT='通知通告';

/*Data for the table `oa_notify` */

insert  into `oa_notify`(`id`,`type`,`title`,`content`,`files`,`status`,`create_by`,`create_date`,`update_by`,`update_date`,`remarks`,`del_flag`) values (41,'3','十九大召开了','十九大召开了，竟然没邀请我','','1',1,NULL,NULL,'2017-10-10 17:21:11','',NULL),(42,'3','苹果发布新手机了','有全面屏的iphoneX','','1',1,NULL,NULL,'2017-10-10 18:51:14','',NULL),(43,'3','十九大要消灭贫困人口','我还只有两三年的活头了','','1',1,NULL,NULL,'2017-10-11 09:56:35','',NULL),(44,'3','骑士又输了','捉急','','1',1,NULL,NULL,'2017-10-26 13:59:34','',NULL),(45,'1','火箭5连败','没有保罗不行呀','','1',1,NULL,NULL,'2017-12-30 12:10:20','',NULL),(47,'3','报表下载','42857464',NULL,'1',1,NULL,NULL,'2019-01-02 10:40:08','',NULL);

/*Table structure for table `oa_notify_record` */

DROP TABLE IF EXISTS `oa_notify_record`;

CREATE TABLE `oa_notify_record` (
  `id` bigint(20) NOT NULL AUTO_INCREMENT COMMENT '编号',
  `notify_id` bigint(20) DEFAULT NULL COMMENT '通知通告ID',
  `user_id` bigint(20) DEFAULT NULL COMMENT '接受人',
  `is_read` tinyint(1) DEFAULT '0' COMMENT '阅读标记',
  `read_date` date DEFAULT NULL COMMENT '阅读时间',
  PRIMARY KEY (`id`),
  KEY `oa_notify_record_notify_id` (`notify_id`),
  KEY `oa_notify_record_user_id` (`user_id`),
  KEY `oa_notify_record_read_flag` (`is_read`)
) ENGINE=InnoDB AUTO_INCREMENT=41 DEFAULT CHARSET=utf8 COLLATE=utf8_bin COMMENT='通知通告发送记录';

/*Data for the table `oa_notify_record` */

insert  into `oa_notify_record`(`id`,`notify_id`,`user_id`,`is_read`,`read_date`) values (18,41,1,1,'2017-10-26'),(19,42,1,1,'2017-10-26'),(20,43,136,0,NULL),(21,43,133,0,NULL),(22,43,130,0,NULL),(23,43,1,1,'2017-10-26'),(24,44,1,1,'2017-12-29'),(25,45,1,1,'2019-01-02'),(26,45,135,0,NULL),(29,47,132,0,NULL),(30,47,136,0,NULL),(31,47,130,0,NULL),(32,47,134,0,NULL),(33,47,36,0,NULL),(34,47,135,0,NULL),(35,47,131,0,NULL),(36,47,124,0,NULL),(37,47,123,0,NULL),(38,47,2,0,NULL),(39,47,1,0,NULL),(40,47,11,0,NULL);

/*Table structure for table `sys_dept` */

DROP TABLE IF EXISTS `sys_dept`;

CREATE TABLE `sys_dept` (
  `dept_id` bigint(20) NOT NULL AUTO_INCREMENT,
  `parent_id` bigint(20) DEFAULT NULL COMMENT '上级部门ID，一级部门为0',
  `name` varchar(50) DEFAULT NULL COMMENT '部门名称',
  `order_num` int(11) DEFAULT NULL COMMENT '排序',
  `del_flag` tinyint(4) DEFAULT '0' COMMENT '是否删除  -1：已删除  0：正常',
  PRIMARY KEY (`dept_id`)
) ENGINE=InnoDB AUTO_INCREMENT=16 DEFAULT CHARSET=utf8 COMMENT='部门管理';

/*Data for the table `sys_dept` */

insert  into `sys_dept`(`dept_id`,`parent_id`,`name`,`order_num`,`del_flag`) values (6,0,'研发部',1,1),(7,6,'研發一部',1,1),(8,6,'研发二部',2,1),(9,0,'销售部',2,1),(10,9,'销售一部',1,1),(11,0,'产品部',3,1),(12,11,'产品一部',1,1),(13,0,'测试部',5,1),(14,13,'测试一部',1,1),(15,13,'测试二部',2,1);

/*Table structure for table `sys_dict` */

DROP TABLE IF EXISTS `sys_dict`;

CREATE TABLE `sys_dict` (
  `id` bigint(64) NOT NULL AUTO_INCREMENT COMMENT '编号',
  `name` varchar(100) COLLATE utf8_bin DEFAULT NULL COMMENT '标签名',
  `value` varchar(100) COLLATE utf8_bin DEFAULT NULL COMMENT '数据值',
  `type` varchar(100) COLLATE utf8_bin DEFAULT NULL COMMENT '类型',
  `description` varchar(100) COLLATE utf8_bin DEFAULT NULL COMMENT '描述',
  `sort` decimal(10,0) DEFAULT NULL COMMENT '排序（升序）',
  `parent_id` bigint(64) DEFAULT '0' COMMENT '父级编号',
  `create_by` int(64) DEFAULT NULL COMMENT '创建者',
  `create_date` datetime DEFAULT NULL COMMENT '创建时间',
  `update_by` bigint(64) DEFAULT NULL COMMENT '更新者',
  `update_date` datetime DEFAULT NULL COMMENT '更新时间',
  `remarks` varchar(255) COLLATE utf8_bin DEFAULT NULL COMMENT '备注信息',
  `del_flag` char(1) COLLATE utf8_bin DEFAULT '0' COMMENT '删除标记',
  PRIMARY KEY (`id`),
  KEY `sys_dict_value` (`value`),
  KEY `sys_dict_label` (`name`),
  KEY `sys_dict_del_flag` (`del_flag`)
) ENGINE=InnoDB AUTO_INCREMENT=123 DEFAULT CHARSET=utf8 COLLATE=utf8_bin COMMENT='字典表';

/*Data for the table `sys_dict` */

insert  into `sys_dict`(`id`,`name`,`value`,`type`,`description`,`sort`,`parent_id`,`create_by`,`create_date`,`update_by`,`update_date`,`remarks`,`del_flag`) values (1,'正常','0','del_flag','删除标记','10',0,1,NULL,1,NULL,NULL,'0'),(3,'显示','1','show_hide','显示/隐藏','10',0,1,NULL,1,NULL,NULL,'0'),(4,'隐藏','0','show_hide','显示/隐藏','20',0,1,NULL,1,NULL,NULL,'0'),(5,'是','1','yes_no','是/否','10',0,1,NULL,1,NULL,NULL,'0'),(6,'否','0','yes_no','是/否','20',0,1,NULL,1,NULL,NULL,'0'),(7,'红色','red','color','颜色值','10',0,1,NULL,1,NULL,NULL,'0'),(8,'绿色','green','color','颜色值','20',0,1,NULL,1,NULL,NULL,'0'),(9,'蓝色','blue','color','颜色值','30',0,1,NULL,1,NULL,NULL,'0'),(10,'黄色','yellow','color','颜色值','40',0,1,NULL,1,NULL,NULL,'0'),(11,'橙色','orange','color','颜色值','50',0,1,NULL,1,NULL,NULL,'0'),(12,'默认主题','default','theme','主题方案','10',0,1,NULL,1,NULL,NULL,'0'),(13,'天蓝主题','cerulean','theme','主题方案','20',0,1,NULL,1,NULL,NULL,'0'),(14,'橙色主题','readable','theme','主题方案','30',0,1,NULL,1,NULL,NULL,'0'),(15,'红色主题','united','theme','主题方案','40',0,1,NULL,1,NULL,NULL,'0'),(16,'Flat主题','flat','theme','主题方案','60',0,1,NULL,1,NULL,NULL,'0'),(17,'国家','1','sys_area_type','区域类型','10',0,1,NULL,1,NULL,NULL,'0'),(18,'省份、直辖市','2','sys_area_type','区域类型','20',0,1,NULL,1,NULL,NULL,'0'),(19,'地市','3','sys_area_type','区域类型','30',0,1,NULL,1,NULL,NULL,'0'),(20,'区县','4','sys_area_type','区域类型','40',0,1,NULL,1,NULL,NULL,'0'),(21,'公司','1','sys_office_type','机构类型','60',0,1,NULL,1,NULL,NULL,'0'),(22,'部门','2','sys_office_type','机构类型','70',0,1,NULL,1,NULL,NULL,'0'),(23,'小组','3','sys_office_type','机构类型','80',0,1,NULL,1,NULL,NULL,'0'),(24,'其它','4','sys_office_type','机构类型','90',0,1,NULL,1,NULL,NULL,'0'),(25,'综合部','1','sys_office_common','快捷通用部门','30',0,1,NULL,1,NULL,NULL,'0'),(26,'开发部','2','sys_office_common','快捷通用部门','40',0,1,NULL,1,NULL,NULL,'0'),(27,'人力部','3','sys_office_common','快捷通用部门','50',0,1,NULL,1,NULL,NULL,'0'),(28,'一级','1','sys_office_grade','机构等级','10',0,1,NULL,1,NULL,NULL,'0'),(29,'二级','2','sys_office_grade','机构等级','20',0,1,NULL,1,NULL,NULL,'0'),(30,'三级','3','sys_office_grade','机构等级','30',0,1,NULL,1,NULL,NULL,'0'),(31,'四级','4','sys_office_grade','机构等级','40',0,1,NULL,1,NULL,NULL,'0'),(32,'所有数据','1','sys_data_scope','数据范围','10',0,1,NULL,1,NULL,NULL,'0'),(33,'所在公司及以下数据','2','sys_data_scope','数据范围','20',0,1,NULL,1,NULL,NULL,'0'),(34,'所在公司数据','3','sys_data_scope','数据范围','30',0,1,NULL,1,NULL,NULL,'0'),(35,'所在部门及以下数据','4','sys_data_scope','数据范围','40',0,1,NULL,1,NULL,NULL,'0'),(36,'所在部门数据','5','sys_data_scope','数据范围','50',0,1,NULL,1,NULL,NULL,'0'),(37,'仅本人数据','8','sys_data_scope','数据范围','90',0,1,NULL,1,NULL,NULL,'0'),(38,'按明细设置','9','sys_data_scope','数据范围','100',0,1,NULL,1,NULL,NULL,'0'),(39,'系统管理','1','sys_user_type','用户类型','10',0,1,NULL,1,NULL,NULL,'0'),(40,'部门经理','2','sys_user_type','用户类型','20',0,1,NULL,1,NULL,NULL,'0'),(41,'普通用户','3','sys_user_type','用户类型','30',0,1,NULL,1,NULL,NULL,'0'),(42,'基础主题','basic','cms_theme','站点主题','10',0,1,NULL,1,NULL,NULL,'0'),(43,'蓝色主题','blue','cms_theme','站点主题','20',0,1,NULL,1,NULL,NULL,'1'),(44,'红色主题','red','cms_theme','站点主题','30',0,1,NULL,1,NULL,NULL,'1'),(45,'文章模型','article','cms_module','栏目模型','10',0,1,NULL,1,NULL,NULL,'0'),(46,'图片模型','picture','cms_module','栏目模型','20',0,1,NULL,1,NULL,NULL,'1'),(47,'下载模型','download','cms_module','栏目模型','30',0,1,NULL,1,NULL,NULL,'1'),(48,'链接模型','link','cms_module','栏目模型','40',0,1,NULL,1,NULL,NULL,'0'),(49,'专题模型','special','cms_module','栏目模型','50',0,1,NULL,1,NULL,NULL,'1'),(50,'默认展现方式','0','cms_show_modes','展现方式','10',0,1,NULL,1,NULL,NULL,'0'),(51,'首栏目内容列表','1','cms_show_modes','展现方式','20',0,1,NULL,1,NULL,NULL,'0'),(52,'栏目第一条内容','2','cms_show_modes','展现方式','30',0,1,NULL,1,NULL,NULL,'0'),(53,'发布','0','cms_del_flag','内容状态','10',0,1,NULL,1,NULL,NULL,'0'),(54,'删除','1','cms_del_flag','内容状态','20',0,1,NULL,1,NULL,NULL,'0'),(55,'审核','2','cms_del_flag','内容状态','15',0,1,NULL,1,NULL,NULL,'0'),(56,'首页焦点图','1','cms_posid','推荐位','10',0,1,NULL,1,NULL,NULL,'0'),(57,'栏目页文章推荐','2','cms_posid','推荐位','20',0,1,NULL,1,NULL,NULL,'0'),(58,'咨询','1','cms_guestbook','留言板分类','10',0,1,NULL,1,NULL,NULL,'0'),(59,'建议','2','cms_guestbook','留言板分类','20',0,1,NULL,1,NULL,NULL,'0'),(60,'投诉','3','cms_guestbook','留言板分类','30',0,1,NULL,1,NULL,NULL,'0'),(61,'其它','4','cms_guestbook','留言板分类','40',0,1,NULL,1,NULL,NULL,'0'),(62,'公休','1','oa_leave_type','请假类型','10',0,1,NULL,1,NULL,NULL,'0'),(63,'病假','2','oa_leave_type','请假类型','20',0,1,NULL,1,NULL,NULL,'0'),(64,'事假','3','oa_leave_type','请假类型','30',0,1,NULL,1,NULL,NULL,'0'),(65,'调休','4','oa_leave_type','请假类型','40',0,1,NULL,1,NULL,NULL,'0'),(66,'婚假','5','oa_leave_type','请假类型','60',0,1,NULL,1,NULL,NULL,'0'),(67,'接入日志','1','sys_log_type','日志类型','30',0,1,NULL,1,NULL,NULL,'0'),(68,'异常日志','2','sys_log_type','日志类型','40',0,1,NULL,1,NULL,NULL,'0'),(69,'请假流程','leave','act_type','流程类型','10',0,1,NULL,1,NULL,NULL,'0'),(70,'审批测试流程','test_audit','act_type','流程类型','20',0,1,NULL,1,NULL,NULL,'0'),(71,'分类1','1','act_category','流程分类','10',0,1,NULL,1,NULL,NULL,'0'),(72,'分类2','2','act_category','流程分类','20',0,1,NULL,1,NULL,NULL,'0'),(73,'增删改查','crud','gen_category','代码生成分类','10',0,1,NULL,1,NULL,NULL,'1'),(74,'增删改查（包含从表）','crud_many','gen_category','代码生成分类','20',0,1,NULL,1,NULL,NULL,'1'),(75,'树结构','tree','gen_category','代码生成分类','30',0,1,NULL,1,NULL,NULL,'1'),(76,'=','=','gen_query_type','查询方式','10',0,1,NULL,1,NULL,NULL,'1'),(77,'!=','!=','gen_query_type','查询方式','20',0,1,NULL,1,NULL,NULL,'1'),(78,'&gt;','&gt;','gen_query_type','查询方式','30',0,1,NULL,1,NULL,NULL,'1'),(79,'&lt;','&lt;','gen_query_type','查询方式','40',0,1,NULL,1,NULL,NULL,'1'),(80,'Between','between','gen_query_type','查询方式','50',0,1,NULL,1,NULL,NULL,'1'),(81,'Like','like','gen_query_type','查询方式','60',0,1,NULL,1,NULL,NULL,'1'),(82,'Left Like','left_like','gen_query_type','查询方式','70',0,1,NULL,1,NULL,NULL,'1'),(83,'Right Like','right_like','gen_query_type','查询方式','80',0,1,NULL,1,NULL,NULL,'1'),(84,'文本框','input','gen_show_type','字段生成方案','10',0,1,NULL,1,NULL,NULL,'1'),(85,'文本域','textarea','gen_show_type','字段生成方案','20',0,1,NULL,1,NULL,NULL,'1'),(86,'下拉框','select','gen_show_type','字段生成方案','30',0,1,NULL,1,NULL,NULL,'1'),(87,'复选框','checkbox','gen_show_type','字段生成方案','40',0,1,NULL,1,NULL,NULL,'1'),(88,'单选框','radiobox','gen_show_type','字段生成方案','50',0,1,NULL,1,NULL,NULL,'1'),(89,'日期选择','dateselect','gen_show_type','字段生成方案','60',0,1,NULL,1,NULL,NULL,'1'),(90,'人员选择','userselect','gen_show_type','字段生成方案','70',0,1,NULL,1,NULL,NULL,'1'),(91,'部门选择','officeselect','gen_show_type','字段生成方案','80',0,1,NULL,1,NULL,NULL,'1'),(92,'区域选择','areaselect','gen_show_type','字段生成方案','90',0,1,NULL,1,NULL,NULL,'1'),(93,'String','String','gen_java_type','Java类型','10',0,1,NULL,1,NULL,NULL,'1'),(94,'Long','Long','gen_java_type','Java类型','20',0,1,NULL,1,NULL,NULL,'1'),(95,'仅持久层','dao','gen_category','代码生成分类','40',0,1,NULL,1,NULL,NULL,'1'),(96,'男','1','sex','性别','10',0,1,NULL,1,NULL,NULL,'0'),(97,'女','2','sex','性别','20',0,1,NULL,1,NULL,NULL,'0'),(98,'Integer','Integer','gen_java_type','Java类型','30',0,1,NULL,1,NULL,NULL,'1'),(99,'Double','Double','gen_java_type','Java类型','40',0,1,NULL,1,NULL,NULL,'1'),(100,'Date','java.util.Date','gen_java_type','Java类型','50',0,1,NULL,1,NULL,NULL,'1'),(104,'Custom','Custom','gen_java_type','Java类型','90',0,1,NULL,1,NULL,NULL,'1'),(105,'会议通告','1','oa_notify_type','通知通告类型','10',0,1,NULL,1,NULL,NULL,'0'),(106,'奖惩通告','2','oa_notify_type','通知通告类型','20',0,1,NULL,1,NULL,NULL,'0'),(107,'活动通告','3','oa_notify_type','通知通告类型','30',0,1,NULL,1,NULL,NULL,'0'),(108,'草稿','0','oa_notify_status','通知通告状态','10',0,1,NULL,1,NULL,NULL,'0'),(109,'发布','1','oa_notify_status','通知通告状态','20',0,1,NULL,1,NULL,NULL,'0'),(110,'未读','0','oa_notify_read','通知通告状态','10',0,1,NULL,1,NULL,NULL,'0'),(111,'已读','1','oa_notify_read','通知通告状态','20',0,1,NULL,1,NULL,NULL,'0'),(112,'草稿','0','oa_notify_status','通知通告状态','10',0,1,NULL,1,NULL,'','0'),(113,'删除','0','del_flag','删除标记',NULL,NULL,NULL,NULL,NULL,NULL,'',''),(118,'关于','about','blog_type','博客类型',NULL,NULL,NULL,NULL,NULL,NULL,'全url是:/blog/open/page/about',''),(119,'交流','communication','blog_type','博客类型',NULL,NULL,NULL,NULL,NULL,NULL,'',''),(120,'文章','article','blog_type','博客类型',NULL,NULL,NULL,NULL,NULL,NULL,'',''),(121,'编码','code','hobby','爱好',NULL,NULL,NULL,NULL,NULL,NULL,'',''),(122,'绘画','painting','hobby','爱好',NULL,NULL,NULL,NULL,NULL,NULL,'','');

/*Table structure for table `sys_file` */

DROP TABLE IF EXISTS `sys_file`;

CREATE TABLE `sys_file` (
  `id` bigint(20) NOT NULL AUTO_INCREMENT,
  `type` int(11) DEFAULT NULL COMMENT '文件类型',
  `url` varchar(200) DEFAULT NULL COMMENT 'URL地址',
  `create_date` datetime DEFAULT NULL COMMENT '创建时间',
  PRIMARY KEY (`id`)
) ENGINE=InnoDB AUTO_INCREMENT=142 DEFAULT CHARSET=utf8 COMMENT='文件上传';

/*Data for the table `sys_file` */

insert  into `sys_file`(`id`,`type`,`url`,`create_date`) values (110,0,'/files/d64a62e3-6821-48f1-bac6-a1b9945f4afb.jpg','2017-10-14 16:20:17'),(111,0,'/files/aa2c3dc6-495f-48cc-8e12-446eceb2535e.jpg','2017-10-14 16:20:21'),(118,0,'/files/a973499e-3ec7-4d43-8a52-b6f6517c77e3.jpg','2017-10-20 11:53:52'),(132,0,'/files/e6f13526-e31c-4ebe-a3cf-5fd88dd10be6.jpg','2017-12-18 20:19:51'),(134,0,'/files/cd016e72-77f7-4425-afe2-b79dfbdc3ae9.jpeg','2017-12-18 22:44:07'),(138,0,'/files/9ec12ee7-65b5-4cc5-9900-d2ec6185b336.jpg','2017-12-19 19:55:27'),(139,0,'/files/f6aab9d4-00a1-4bc8-a695-40fc472d4ea9.jpg','2018-01-02 19:53:24'),(141,0,'/files/445c5d98-b3b6-4226-a5af-249d1b2a6a34.jpg','2018-01-09 19:28:53');

/*Table structure for table `sys_index_page_config` */

DROP TABLE IF EXISTS `sys_index_page_config`;

CREATE TABLE `sys_index_page_config` (
  `id` bigint(64) NOT NULL COMMENT '主键(userId)',
  `index_page_path` varchar(200) DEFAULT NULL COMMENT '首页路径',
  `memo` varchar(200) DEFAULT NULL,
  `memo1` varchar(200) DEFAULT NULL,
  `memo2` varchar(200) DEFAULT NULL,
  `memo3` varchar(200) DEFAULT NULL,
  `memo4` varchar(200) DEFAULT NULL,
  PRIMARY KEY (`id`)
) ENGINE=InnoDB DEFAULT CHARSET=utf8;

/*Data for the table `sys_index_page_config` */

/*Table structure for table `sys_log` */

DROP TABLE IF EXISTS `sys_log`;

CREATE TABLE `sys_log` (
  `id` bigint(20) NOT NULL AUTO_INCREMENT,
  `user_id` bigint(20) DEFAULT NULL COMMENT '用户id',
  `username` varchar(50) DEFAULT NULL COMMENT '用户名',
  `operation` varchar(50) DEFAULT NULL COMMENT '用户操作',
  `time` int(11) DEFAULT NULL COMMENT '响应时间',
  `method` varchar(200) DEFAULT NULL COMMENT '请求方法',
  `params` varchar(5000) DEFAULT NULL COMMENT '请求参数',
  `ip` varchar(64) DEFAULT NULL COMMENT 'IP地址',
  `gmt_create` datetime DEFAULT NULL COMMENT '创建时间',
  PRIMARY KEY (`id`)
) ENGINE=InnoDB AUTO_INCREMENT=1636 DEFAULT CHARSET=utf8 COMMENT='系统日志';

/*Data for the table `sys_log` */

insert  into `sys_log`(`id`,`user_id`,`username`,`operation`,`time`,`method`,`params`,`ip`,`gmt_create`) values (609,1,'admin','登录',81,'com.bootdo.system.controller.LoginController.ajaxLogin()',NULL,'127.0.0.1','2019-01-02 10:37:10'),(610,1,'admin','请求访问主页',228,'com.bootdo.system.controller.LoginController.index()',NULL,'127.0.0.1','2019-01-02 10:37:11'),(611,-1,'获取用户信息为空','登录',130,'com.xzbd.system.controller.LoginController.ajaxLogin()',NULL,'127.0.0.1','2019-01-11 14:20:35'),(612,1,'admin','登录',8,'com.xzbd.system.controller.LoginController.ajaxLogin()',NULL,'127.0.0.1','2019-01-11 14:20:39'),(613,1,'admin','请求访问主页',689,'com.xzbd.system.controller.LoginController.index()',NULL,'127.0.0.1','2019-01-11 14:20:40'),(614,-1,'获取用户信息为空','登录',50,'com.xzbd.system.controller.LoginController.ajaxLogin()',NULL,'127.0.0.1','2019-01-11 14:30:02'),(615,1,'admin','登录',16,'com.xzbd.system.controller.LoginController.ajaxLogin()',NULL,'127.0.0.1','2019-01-11 14:30:10'),(616,1,'admin','请求访问主页',190,'com.xzbd.system.controller.LoginController.index()',NULL,'127.0.0.1','2019-01-11 14:30:10'),(617,1,'admin','编辑角色',9,'com.xzbd.system.controller.RoleController.edit()',NULL,'127.0.0.1','2019-01-11 14:30:21'),(618,1,'admin','更新角色',416,'com.xzbd.system.controller.RoleController.update()',NULL,'127.0.0.1','2019-01-11 14:30:49'),(619,1,'admin','请求访问主页',7,'com.xzbd.system.controller.LoginController.index()',NULL,'127.0.0.1','2019-01-11 14:30:52'),(620,1,'admin','登录',53,'com.xzbd.system.controller.LoginController.ajaxLogin()',NULL,'127.0.0.1','2019-01-11 14:46:24'),(621,1,'admin','请求访问主页',111,'com.xzbd.system.controller.LoginController.index()',NULL,'127.0.0.1','2019-01-11 14:46:24'),(622,1,'admin','登录',5,'com.xzbd.system.controller.LoginController.ajaxLogin()',NULL,'127.0.0.1','2019-01-11 14:46:43'),(623,1,'admin','请求访问主页',175,'com.xzbd.system.controller.LoginController.index()',NULL,'127.0.0.1','2019-01-11 14:46:43'),(624,-1,'获取用户信息为空','登录',96,'com.xzbd.system.controller.LoginController.ajaxLogin()',NULL,'127.0.0.1','2019-01-11 14:55:22'),(625,1,'admin','登录',8,'com.xzbd.system.controller.LoginController.ajaxLogin()',NULL,'127.0.0.1','2019-01-11 14:55:25'),(626,1,'admin','请求访问主页',247,'com.xzbd.system.controller.LoginController.index()',NULL,'127.0.0.1','2019-01-11 14:55:26'),(627,1,'admin','编辑角色',6,'com.xzbd.system.controller.RoleController.edit()',NULL,'127.0.0.1','2019-01-11 14:57:04'),(628,1,'admin','更新角色',207,'com.xzbd.system.controller.RoleController.update()',NULL,'127.0.0.1','2019-01-11 14:57:09'),(629,1,'admin','请求访问主页',8,'com.xzbd.system.controller.LoginController.index()',NULL,'127.0.0.1','2019-01-11 14:57:11'),(630,1,'admin','请求访问主页',12,'com.xzbd.system.controller.LoginController.index()',NULL,'127.0.0.1','2019-01-11 14:59:52'),(631,1,'admin','请求访问主页',8,'com.xzbd.system.controller.LoginController.index()',NULL,'127.0.0.1','2019-01-11 15:12:00'),(632,1,'admin','请求访问主页',5,'com.xzbd.system.controller.LoginController.index()',NULL,'127.0.0.1','2019-01-11 15:12:02'),(633,1,'admin','登录',58,'com.xzbd.system.controller.LoginController.ajaxLogin()',NULL,'127.0.0.1','2019-01-11 15:13:39'),(634,1,'admin','请求访问主页',192,'com.xzbd.system.controller.LoginController.index()',NULL,'127.0.0.1','2019-01-11 15:13:40'),(635,1,'admin','登录',71,'com.xzbd.system.controller.LoginController.ajaxLogin()',NULL,'127.0.0.1','2019-01-11 15:17:23'),(636,1,'admin','请求访问主页',98,'com.xzbd.system.controller.LoginController.index()',NULL,'127.0.0.1','2019-01-11 15:17:23'),(637,1,'admin','登录',83,'com.xzbd.system.controller.LoginController.ajaxLogin()',NULL,'127.0.0.1','2019-01-11 16:16:21'),(638,1,'admin','请求访问主页',107,'com.xzbd.system.controller.LoginController.index()',NULL,'127.0.0.1','2019-01-11 16:16:21'),(639,1,'admin','登录',73,'com.xzbd.system.controller.LoginController.ajaxLogin()',NULL,'127.0.0.1','2019-01-11 17:03:54'),(640,1,'admin','请求访问主页',152,'com.xzbd.system.controller.LoginController.index()',NULL,'127.0.0.1','2019-01-11 17:03:54'),(641,1,'admin','登录',70,'com.xzbd.system.controller.LoginController.ajaxLogin()',NULL,'127.0.0.1','2019-01-11 17:49:44'),(642,1,'admin','请求访问主页',151,'com.xzbd.system.controller.LoginController.index()',NULL,'127.0.0.1','2019-01-11 17:49:44'),(643,1,'admin','请求访问主页',82,'com.xzbd.system.controller.LoginController.index()',NULL,'127.0.0.1','2019-01-11 17:56:24'),(644,1,'admin','删除菜单',70,'com.xzbd.system.controller.MenuController.remove()',NULL,'127.0.0.1','2019-01-11 17:56:50'),(645,1,'admin','删除菜单',67,'com.xzbd.system.controller.MenuController.remove()',NULL,'127.0.0.1','2019-01-11 17:57:03'),(646,1,'admin','删除菜单',99,'com.xzbd.system.controller.MenuController.remove()',NULL,'127.0.0.1','2019-01-11 17:57:12'),(647,1,'admin','删除菜单',37,'com.xzbd.system.controller.MenuController.remove()',NULL,'127.0.0.1','2019-01-11 17:57:26'),(648,1,'admin','删除菜单',76,'com.xzbd.system.controller.MenuController.remove()',NULL,'127.0.0.1','2019-01-11 17:57:29'),(649,1,'admin','删除菜单',72,'com.xzbd.system.controller.MenuController.remove()',NULL,'127.0.0.1','2019-01-11 17:57:32'),(650,1,'admin','删除菜单',42,'com.xzbd.system.controller.MenuController.remove()',NULL,'127.0.0.1','2019-01-11 17:57:35'),(651,1,'admin','删除菜单',31,'com.xzbd.system.controller.MenuController.remove()',NULL,'127.0.0.1','2019-01-11 17:57:37'),(652,1,'admin','删除菜单',34,'com.xzbd.system.controller.MenuController.remove()',NULL,'127.0.0.1','2019-01-11 17:57:40'),(653,1,'admin','删除菜单',102,'com.xzbd.system.controller.MenuController.remove()',NULL,'127.0.0.1','2019-01-11 17:57:42'),(654,1,'admin','删除菜单',36,'com.xzbd.system.controller.MenuController.remove()',NULL,'127.0.0.1','2019-01-11 17:57:45'),(655,1,'admin','删除菜单',38,'com.xzbd.system.controller.MenuController.remove()',NULL,'127.0.0.1','2019-01-11 17:57:48'),(656,1,'admin','删除菜单',30,'com.xzbd.system.controller.MenuController.remove()',NULL,'127.0.0.1','2019-01-11 17:57:50'),(657,1,'admin','删除菜单',31,'com.xzbd.system.controller.MenuController.remove()',NULL,'127.0.0.1','2019-01-11 17:57:53'),(658,1,'admin','删除菜单',30,'com.xzbd.system.controller.MenuController.remove()',NULL,'127.0.0.1','2019-01-11 17:57:56'),(659,1,'admin','添加菜单',0,'com.xzbd.system.controller.MenuController.add()',NULL,'127.0.0.1','2019-01-11 17:57:58'),(660,1,'admin','请求访问主页',22,'com.xzbd.system.controller.LoginController.index()',NULL,'127.0.0.1','2019-01-11 18:13:50'),(661,1,'admin','登录',5,'com.xzbd.system.controller.LoginController.ajaxLogin()',NULL,'127.0.0.1','2019-01-11 18:15:31'),(662,1,'admin','请求访问主页',5,'com.xzbd.system.controller.LoginController.index()',NULL,'127.0.0.1','2019-01-11 18:15:31'),(663,1,'admin','请求访问主页',8,'com.xzbd.system.controller.LoginController.index()',NULL,'127.0.0.1','2019-01-11 18:23:11'),(664,1,'admin','登录',51,'com.xzbd.system.controller.LoginController.ajaxLogin()',NULL,'127.0.0.1','2019-01-11 18:24:57'),(665,1,'admin','请求访问主页',119,'com.xzbd.system.controller.LoginController.index()',NULL,'127.0.0.1','2019-01-11 18:24:57'),(666,1,'admin','登录',69,'com.xzbd.system.controller.LoginController.ajaxLogin()',NULL,'127.0.0.1','2019-01-11 18:28:31'),(667,1,'admin','请求访问主页',114,'com.xzbd.system.controller.LoginController.index()',NULL,'127.0.0.1','2019-01-11 18:28:31'),(668,1,'admin','请求访问主页',14,'com.xzbd.system.controller.LoginController.index()',NULL,'127.0.0.1','2019-01-11 18:32:37'),(669,1,'admin','登录',88,'com.xzbd.system.controller.LoginController.ajaxLogin()',NULL,'127.0.0.1','2019-01-11 18:59:02'),(670,1,'admin','请求访问主页',102,'com.xzbd.system.controller.LoginController.index()',NULL,'127.0.0.1','2019-01-11 18:59:02'),(671,1,'admin','error',NULL,'http://localhost:8099/index','org.springframework.web.HttpRequestMethodNotSupportedException: Request method \'POST\' not supported',NULL,'2019-01-11 18:59:28'),(672,1,'admin','请求访问主页',7,'com.xzbd.system.controller.LoginController.index()',NULL,'127.0.0.1','2019-01-11 18:59:32'),(673,1,'admin','error',NULL,'http://localhost:8099/index','org.springframework.web.HttpRequestMethodNotSupportedException: Request method \'POST\' not supported',NULL,'2019-01-11 18:59:39'),(674,1,'admin','请求访问主页',12,'com.xzbd.system.controller.LoginController.index()',NULL,'127.0.0.1','2019-01-11 18:59:44'),(675,1,'admin','error',NULL,'http://localhost:8099/index','org.springframework.web.HttpRequestMethodNotSupportedException: Request method \'POST\' not supported',NULL,'2019-01-11 18:59:52'),(676,1,'admin','请求访问主页',9,'com.xzbd.system.controller.LoginController.index()',NULL,'127.0.0.1','2019-01-11 18:59:58'),(677,1,'admin','登录',64,'com.xzbd.system.controller.LoginController.ajaxLogin()',NULL,'127.0.0.1','2019-01-11 19:16:56'),(678,1,'admin','请求访问主页',102,'com.xzbd.system.controller.LoginController.index()',NULL,'127.0.0.1','2019-01-11 19:16:56'),(679,1,'admin','登录',706,'com.xzbd.system.controller.LoginController.ajaxLogin()',NULL,'127.0.0.1','2019-01-14 14:13:32'),(680,1,'admin','请求访问主页',502,'com.xzbd.system.controller.LoginController.index()',NULL,'127.0.0.1','2019-01-14 14:13:33'),(681,1,'admin','登录',5,'com.xzbd.system.controller.LoginController.ajaxLogin()',NULL,'127.0.0.1','2019-01-14 14:14:08'),(682,1,'admin','请求访问主页',32,'com.xzbd.system.controller.LoginController.index()',NULL,'127.0.0.1','2019-01-14 14:14:08'),(683,1,'admin','请求访问主页',8,'com.xzbd.system.controller.LoginController.index()',NULL,'127.0.0.1','2019-01-14 14:38:13'),(684,1,'admin','登录',48,'com.xzbd.system.controller.LoginController.ajaxLogin()',NULL,'127.0.0.1','2019-01-14 14:38:53'),(685,1,'admin','请求访问主页',113,'com.xzbd.system.controller.LoginController.index()',NULL,'127.0.0.1','2019-01-14 14:38:53'),(686,1,'admin','请求访问主页',14,'com.xzbd.system.controller.LoginController.index()',NULL,'127.0.0.1','2019-01-14 14:39:40'),(687,1,'admin','请求访问主页',12,'com.xzbd.system.controller.LoginController.index()',NULL,'127.0.0.1','2019-01-14 14:39:43'),(688,1,'admin','请求访问主页',11,'com.xzbd.system.controller.LoginController.index()',NULL,'127.0.0.1','2019-01-14 14:39:44'),(689,1,'admin','请求访问主页',9,'com.xzbd.system.controller.LoginController.index()',NULL,'127.0.0.1','2019-01-14 14:39:48'),(690,1,'admin','请求访问主页',10,'com.xzbd.system.controller.LoginController.index()',NULL,'127.0.0.1','2019-01-14 14:39:49'),(691,1,'admin','请求访问主页',12,'com.xzbd.system.controller.LoginController.index()',NULL,'127.0.0.1','2019-01-14 14:39:49'),(692,1,'admin','请求访问主页',11,'com.xzbd.system.controller.LoginController.index()',NULL,'127.0.0.1','2019-01-14 14:39:50'),(693,1,'admin','请求访问主页',8,'com.xzbd.system.controller.LoginController.index()',NULL,'127.0.0.1','2019-01-14 14:39:50'),(694,1,'admin','请求访问主页',6,'com.xzbd.system.controller.LoginController.index()',NULL,'127.0.0.1','2019-01-14 14:39:50'),(695,1,'admin','请求访问主页',8,'com.xzbd.system.controller.LoginController.index()',NULL,'127.0.0.1','2019-01-14 14:39:51'),(696,1,'admin','请求访问主页',9,'com.xzbd.system.controller.LoginController.index()',NULL,'127.0.0.1','2019-01-14 14:39:51'),(697,1,'admin','登录',75,'com.xzbd.system.controller.LoginController.ajaxLogin()',NULL,'127.0.0.1','2019-01-15 16:12:35'),(698,1,'admin','请求访问主页',180,'com.xzbd.system.controller.LoginController.index()',NULL,'127.0.0.1','2019-01-15 16:12:36'),(699,1,'admin','登录',74,'com.xzbd.system.controller.LoginController.ajaxLogin()',NULL,'127.0.0.1','2019-01-15 16:22:14'),(700,1,'admin','请求访问主页',120,'com.xzbd.system.controller.LoginController.index()',NULL,'127.0.0.1','2019-01-15 16:22:15'),(701,1,'admin','登录',65,'com.xzbd.system.controller.LoginController.ajaxLogin()',NULL,'127.0.0.1','2019-01-15 16:38:15'),(702,1,'admin','请求访问主页',108,'com.xzbd.system.controller.LoginController.index()',NULL,'127.0.0.1','2019-01-15 16:38:15'),(703,1,'admin','添加菜单',1,'com.xzbd.system.controller.MenuController.add()',NULL,'127.0.0.1','2019-01-15 16:38:43'),(704,1,'admin','保存菜单',104,'com.xzbd.system.controller.MenuController.save()',NULL,'127.0.0.1','2019-01-15 16:39:51'),(705,1,'admin','添加菜单',6,'com.xzbd.system.controller.MenuController.add()',NULL,'127.0.0.1','2019-01-15 16:39:59'),(706,1,'admin','保存菜单',111,'com.xzbd.system.controller.MenuController.save()',NULL,'127.0.0.1','2019-01-15 16:42:16'),(707,1,'admin','编辑角色',4,'com.xzbd.system.controller.RoleController.edit()',NULL,'127.0.0.1','2019-01-15 16:42:27'),(708,1,'admin','更新角色',404,'com.xzbd.system.controller.RoleController.update()',NULL,'127.0.0.1','2019-01-15 16:42:32'),(709,1,'admin','请求访问主页',9,'com.xzbd.system.controller.LoginController.index()',NULL,'127.0.0.1','2019-01-15 16:42:34'),(710,1,'admin','编辑菜单',4,'com.xzbd.system.controller.MenuController.edit()',NULL,'127.0.0.1','2019-01-15 16:42:53'),(711,1,'admin','编辑菜单',4,'com.xzbd.system.controller.MenuController.edit()',NULL,'127.0.0.1','2019-01-15 16:43:02'),(712,1,'admin','更新菜单',134,'com.xzbd.system.controller.MenuController.update()',NULL,'127.0.0.1','2019-01-15 16:43:06'),(713,1,'admin','添加菜单',4,'com.xzbd.system.controller.MenuController.add()',NULL,'127.0.0.1','2019-01-15 16:43:09'),(714,1,'admin','编辑菜单',8,'com.xzbd.system.controller.MenuController.edit()',NULL,'127.0.0.1','2019-01-15 16:43:48'),(715,1,'admin','更新菜单',116,'com.xzbd.system.controller.MenuController.update()',NULL,'127.0.0.1','2019-01-15 16:44:18'),(716,1,'admin','请求访问主页',8,'com.xzbd.system.controller.LoginController.index()',NULL,'127.0.0.1','2019-01-15 16:44:20'),(717,1,'admin','编辑角色',3,'com.xzbd.system.controller.RoleController.edit()',NULL,'127.0.0.1','2019-01-15 16:45:19'),(718,1,'admin','更新角色',243,'com.xzbd.system.controller.RoleController.update()',NULL,'127.0.0.1','2019-01-15 16:45:23'),(719,1,'admin','请求访问主页',7,'com.xzbd.system.controller.LoginController.index()',NULL,'127.0.0.1','2019-01-15 16:45:28'),(720,1,'admin','编辑用户',12,'com.xzbd.system.controller.UserController.edit()',NULL,'127.0.0.1','2019-01-15 16:49:45'),(721,1,'admin','更新用户',65,'com.xzbd.system.controller.UserController.update()',NULL,'127.0.0.1','2019-01-15 16:49:56'),(722,1,'admin','编辑用户',8,'com.xzbd.system.controller.UserController.edit()',NULL,'127.0.0.1','2019-01-15 16:49:59'),(723,1,'admin','编辑角色',3,'com.xzbd.system.controller.RoleController.edit()',NULL,'127.0.0.1','2019-01-15 16:50:12'),(724,1,'admin','编辑角色',2,'com.xzbd.system.controller.RoleController.edit()',NULL,'127.0.0.1','2019-01-15 16:50:29'),(725,1,'admin','error',NULL,'http://localhost:8099/mail/biEmailSenderConfig/list','org.apache.ibatis.binding.BindingException: Invalid bound statement (not found): com.xzbd.mail.dao.BiEmailSenderConfigDao.list',NULL,'2019-01-15 16:51:33'),(726,1,'admin','error',NULL,'http://localhost:8099/mail/biEmailSenderConfig/list','org.apache.ibatis.binding.BindingException: Invalid bound statement (not found): com.xzbd.mail.dao.BiEmailSenderConfigDao.list',NULL,'2019-01-15 16:51:52'),(727,1,'admin','添加菜单',5,'com.xzbd.system.controller.MenuController.add()',NULL,'127.0.0.1','2019-01-15 16:52:56'),(728,1,'admin','保存菜单',69,'com.xzbd.system.controller.MenuController.save()',NULL,'127.0.0.1','2019-01-15 16:54:31'),(729,1,'admin','添加菜单',4,'com.xzbd.system.controller.MenuController.add()',NULL,'127.0.0.1','2019-01-15 16:54:44'),(730,1,'admin','保存菜单',65,'com.xzbd.system.controller.MenuController.save()',NULL,'127.0.0.1','2019-01-15 16:55:45'),(731,1,'admin','编辑菜单',5,'com.xzbd.system.controller.MenuController.edit()',NULL,'127.0.0.1','2019-01-15 16:55:54'),(732,1,'admin','更新菜单',161,'com.xzbd.system.controller.MenuController.update()',NULL,'127.0.0.1','2019-01-15 16:55:58'),(733,1,'admin','编辑菜单',6,'com.xzbd.system.controller.MenuController.edit()',NULL,'127.0.0.1','2019-01-15 16:56:04'),(734,1,'admin','更新菜单',104,'com.xzbd.system.controller.MenuController.update()',NULL,'127.0.0.1','2019-01-15 16:56:08'),(735,1,'admin','添加菜单',3,'com.xzbd.system.controller.MenuController.add()',NULL,'127.0.0.1','2019-01-15 16:56:17'),(736,1,'admin','保存菜单',84,'com.xzbd.system.controller.MenuController.save()',NULL,'127.0.0.1','2019-01-15 16:57:26'),(737,1,'admin','编辑菜单',6,'com.xzbd.system.controller.MenuController.edit()',NULL,'127.0.0.1','2019-01-15 16:57:41'),(738,1,'admin','更新菜单',159,'com.xzbd.system.controller.MenuController.update()',NULL,'127.0.0.1','2019-01-15 16:57:45'),(739,1,'admin','添加菜单',3,'com.xzbd.system.controller.MenuController.add()',NULL,'127.0.0.1','2019-01-15 16:57:48'),(740,1,'admin','保存菜单',75,'com.xzbd.system.controller.MenuController.save()',NULL,'127.0.0.1','2019-01-15 16:59:33'),(741,1,'admin','添加菜单',3,'com.xzbd.system.controller.MenuController.add()',NULL,'127.0.0.1','2019-01-15 16:59:40'),(742,1,'admin','保存菜单',116,'com.xzbd.system.controller.MenuController.save()',NULL,'127.0.0.1','2019-01-15 17:01:06'),(743,1,'admin','添加菜单',3,'com.xzbd.system.controller.MenuController.add()',NULL,'127.0.0.1','2019-01-15 17:01:09'),(744,1,'admin','保存菜单',36,'com.xzbd.system.controller.MenuController.save()',NULL,'127.0.0.1','2019-01-15 17:02:22'),(745,1,'admin','编辑角色',2,'com.xzbd.system.controller.RoleController.edit()',NULL,'127.0.0.1','2019-01-15 17:02:50'),(746,1,'admin','编辑角色',1,'com.xzbd.system.controller.RoleController.edit()',NULL,'127.0.0.1','2019-01-15 17:02:57'),(747,1,'admin','更新角色',234,'com.xzbd.system.controller.RoleController.update()',NULL,'127.0.0.1','2019-01-15 17:03:04'),(748,1,'admin','请求访问主页',6,'com.xzbd.system.controller.LoginController.index()',NULL,'127.0.0.1','2019-01-15 17:03:06'),(749,1,'admin','error',NULL,'http://localhost:8099/mail/biEmailSenderConfig/list','org.apache.ibatis.binding.BindingException: Invalid bound statement (not found): com.xzbd.mail.dao.BiEmailSenderConfigDao.list',NULL,'2019-01-15 17:03:10'),(750,1,'admin','编辑角色',2,'com.xzbd.system.controller.RoleController.edit()',NULL,'127.0.0.1','2019-01-15 17:03:27'),(751,1,'admin','更新角色',234,'com.xzbd.system.controller.RoleController.update()',NULL,'127.0.0.1','2019-01-15 17:03:31'),(752,1,'admin','请求访问主页',5,'com.xzbd.system.controller.LoginController.index()',NULL,'127.0.0.1','2019-01-15 17:03:39'),(753,1,'admin','请求访问主页',5,'com.xzbd.system.controller.LoginController.index()',NULL,'127.0.0.1','2019-01-15 17:03:39'),(754,1,'admin','请求访问主页',5,'com.xzbd.system.controller.LoginController.index()',NULL,'127.0.0.1','2019-01-15 17:03:40'),(755,1,'admin','请求访问主页',5,'com.xzbd.system.controller.LoginController.index()',NULL,'127.0.0.1','2019-01-15 17:03:40'),(756,1,'admin','编辑用户',12,'com.xzbd.system.controller.UserController.edit()',NULL,'127.0.0.1','2019-01-15 17:03:55'),(757,1,'admin','更新用户',43,'com.xzbd.system.controller.UserController.update()',NULL,'127.0.0.1','2019-01-15 17:03:58'),(758,1,'admin','请求访问主页',12,'com.xzbd.system.controller.LoginController.index()',NULL,'127.0.0.1','2019-01-15 17:04:00'),(759,1,'admin','error',NULL,'http://localhost:8099/mail/biEmailSenderConfig/list','org.apache.ibatis.binding.BindingException: Invalid bound statement (not found): com.xzbd.mail.dao.BiEmailSenderConfigDao.list',NULL,'2019-01-15 17:04:02'),(760,1,'admin','登录',53,'com.xzbd.system.controller.LoginController.ajaxLogin()',NULL,'127.0.0.1','2019-01-15 17:04:56'),(761,1,'admin','请求访问主页',149,'com.xzbd.system.controller.LoginController.index()',NULL,'127.0.0.1','2019-01-15 17:04:57'),(762,1,'admin','error',NULL,'http://localhost:8099/mail/biEmailSenderConfig/list','org.apache.ibatis.binding.BindingException: Invalid bound statement (not found): com.xzbd.mail.dao.BiEmailSenderConfigDao.list',NULL,'2019-01-15 17:05:05'),(763,1,'admin','error',NULL,'http://localhost:8099/mail/biEmailJobRunDiary/list','org.apache.ibatis.binding.BindingException: Invalid bound statement (not found): com.xzbd.mail.dao.BiEmailJobRunDiaryDao.list',NULL,'2019-01-15 17:05:06'),(764,1,'admin','error',NULL,'http://localhost:8099/mail/biEmailReceiverGroupConfig/list','org.apache.ibatis.binding.BindingException: Invalid bound statement (not found): com.xzbd.mail.dao.BiEmailReceiverGroupConfigDao.list',NULL,'2019-01-15 17:05:07'),(765,1,'admin','error',NULL,'http://localhost:8099/mail/biEmailExcelConfig/list','org.apache.ibatis.binding.BindingException: Invalid bound statement (not found): com.xzbd.mail.dao.BiEmailExcelConfigDao.list',NULL,'2019-01-15 17:05:08'),(766,1,'admin','error',NULL,'http://localhost:8099/mail/biEmailSheetConfig/list','org.apache.ibatis.binding.BindingException: Invalid bound statement (not found): com.xzbd.mail.dao.BiEmailSheetConfigDao.list',NULL,'2019-01-15 17:05:09'),(767,1,'admin','error',NULL,'http://localhost:8099/mail/biEmailTextContentConfig/list','org.apache.ibatis.binding.BindingException: Invalid bound statement (not found): com.xzbd.mail.dao.BiEmailTextContentConfigDao.list',NULL,'2019-01-15 17:05:10'),(768,1,'admin','error',NULL,'http://localhost:8099/mail/biEmailJobConfig/list','org.apache.ibatis.binding.BindingException: Invalid bound statement (not found): com.xzbd.mail.dao.BiEmailJobConfigDao.list',NULL,'2019-01-15 17:05:12'),(769,1,'admin','error',NULL,'http://localhost:8099/mail/biEmailJobRunDiary/list','org.apache.ibatis.binding.BindingException: Invalid bound statement (not found): com.xzbd.mail.dao.BiEmailJobRunDiaryDao.list',NULL,'2019-01-15 17:05:42'),(770,1,'admin','登录',4,'com.xzbd.system.controller.LoginController.ajaxLogin()',NULL,'127.0.0.1','2019-01-15 17:06:04'),(771,1,'admin','请求访问主页',34,'com.xzbd.system.controller.LoginController.index()',NULL,'127.0.0.1','2019-01-15 17:06:04'),(772,1,'admin','error',NULL,'http://localhost:8099/mail/biEmailJobRunDiary/list','org.apache.ibatis.binding.BindingException: Invalid bound statement (not found): com.xzbd.mail.dao.BiEmailJobRunDiaryDao.list',NULL,'2019-01-15 17:06:21'),(773,1,'admin','error',NULL,'http://localhost:8099/mail/biEmailSenderConfig/list','org.apache.ibatis.binding.BindingException: Invalid bound statement (not found): com.xzbd.mail.dao.BiEmailSenderConfigDao.list',NULL,'2019-01-15 17:06:22'),(774,1,'admin','添加菜单',6,'com.xzbd.system.controller.MenuController.add()',NULL,'127.0.0.1','2019-01-15 17:09:45'),(775,1,'admin','添加菜单',7,'com.xzbd.system.controller.MenuController.add()',NULL,'127.0.0.1','2019-01-15 17:10:07'),(776,1,'admin','保存菜单',64,'com.xzbd.system.controller.MenuController.save()',NULL,'127.0.0.1','2019-01-15 17:10:59'),(777,1,'admin','添加菜单',5,'com.xzbd.system.controller.MenuController.add()',NULL,'127.0.0.1','2019-01-15 17:11:06'),(778,1,'admin','保存菜单',53,'com.xzbd.system.controller.MenuController.save()',NULL,'127.0.0.1','2019-01-15 17:11:32'),(779,1,'admin','编辑菜单',8,'com.xzbd.system.controller.MenuController.edit()',NULL,'127.0.0.1','2019-01-15 17:11:53'),(780,1,'admin','更新菜单',62,'com.xzbd.system.controller.MenuController.update()',NULL,'127.0.0.1','2019-01-15 17:12:03'),(781,1,'admin','添加菜单',4,'com.xzbd.system.controller.MenuController.add()',NULL,'127.0.0.1','2019-01-15 17:12:06'),(782,1,'admin','添加菜单',6,'com.xzbd.system.controller.MenuController.add()',NULL,'127.0.0.1','2019-01-15 17:12:14'),(783,1,'admin','保存菜单',74,'com.xzbd.system.controller.MenuController.save()',NULL,'127.0.0.1','2019-01-15 17:12:48'),(784,1,'admin','编辑菜单',7,'com.xzbd.system.controller.MenuController.edit()',NULL,'127.0.0.1','2019-01-15 17:12:53'),(785,1,'admin','编辑菜单',7,'com.xzbd.system.controller.MenuController.edit()',NULL,'127.0.0.1','2019-01-15 17:12:58'),(786,1,'admin','更新菜单',76,'com.xzbd.system.controller.MenuController.update()',NULL,'127.0.0.1','2019-01-15 17:13:01'),(787,1,'admin','添加菜单',4,'com.xzbd.system.controller.MenuController.add()',NULL,'127.0.0.1','2019-01-15 17:13:08'),(788,1,'admin','保存菜单',73,'com.xzbd.system.controller.MenuController.save()',NULL,'127.0.0.1','2019-01-15 17:13:31'),(789,1,'admin','编辑角色',3,'com.xzbd.system.controller.RoleController.edit()',NULL,'127.0.0.1','2019-01-15 17:14:27'),(790,1,'admin','更新角色',278,'com.xzbd.system.controller.RoleController.update()',NULL,'127.0.0.1','2019-01-15 17:14:35'),(791,1,'admin','请求访问主页',11,'com.xzbd.system.controller.LoginController.index()',NULL,'127.0.0.1','2019-01-15 17:14:36'),(792,1,'admin','登录',3,'com.xzbd.system.controller.LoginController.ajaxLogin()',NULL,'127.0.0.1','2019-01-15 17:14:40'),(793,1,'admin','请求访问主页',7,'com.xzbd.system.controller.LoginController.index()',NULL,'127.0.0.1','2019-01-15 17:14:40'),(794,1,'admin','error',NULL,'http://localhost:8099/mail/biEmailSenderConfig/list','org.apache.ibatis.binding.BindingException: Invalid bound statement (not found): com.xzbd.mail.dao.BiEmailSenderConfigDao.list',NULL,'2019-01-15 17:14:44'),(795,1,'admin','error',NULL,'http://localhost:8099/mail/biEmailSenderConfig/save','org.apache.ibatis.binding.BindingException: Invalid bound statement (not found): com.xzbd.mail.dao.BiEmailSenderConfigDao.save',NULL,'2019-01-15 17:15:13'),(796,1,'admin','error',NULL,'http://localhost:8099/mail/biEmailSenderConfig/save','org.apache.ibatis.binding.BindingException: Invalid bound statement (not found): com.xzbd.mail.dao.BiEmailSenderConfigDao.save',NULL,'2019-01-15 17:17:00'),(797,1,'admin','error',NULL,'http://localhost:8099/mail/biEmailSenderConfig/save','org.apache.ibatis.binding.BindingException: Invalid bound statement (not found): com.xzbd.mail.dao.BiEmailSenderConfigDao.save',NULL,'2019-01-15 17:17:14'),(798,1,'admin','error',NULL,'http://localhost:8099/mail/biEmailSenderConfig/save','org.apache.ibatis.binding.BindingException: Invalid bound statement (not found): com.xzbd.mail.dao.BiEmailSenderConfigDao.save',NULL,'2019-01-15 17:19:00'),(799,1,'admin','登录',123,'com.xzbd.system.controller.LoginController.ajaxLogin()',NULL,'127.0.0.1','2019-01-15 17:41:57'),(800,1,'admin','请求访问主页',174,'com.xzbd.system.controller.LoginController.index()',NULL,'127.0.0.1','2019-01-15 17:41:57'),(801,1,'admin','登录',68,'com.xzbd.system.controller.LoginController.ajaxLogin()',NULL,'127.0.0.1','2019-01-15 17:49:25'),(802,1,'admin','请求访问主页',150,'com.xzbd.system.controller.LoginController.index()',NULL,'127.0.0.1','2019-01-15 17:49:25'),(803,1,'admin','error',NULL,'http://localhost:8099/mail/biEmailSenderConfig/list','org.apache.ibatis.binding.BindingException: Invalid bound statement (not found): com.xzbd.mail.dao.BiEmailSenderConfigDao.list',NULL,'2019-01-15 17:49:29'),(804,1,'admin','error',NULL,'http://localhost:8099/mail/biEmailReceiverGroupConfig/list','org.apache.ibatis.binding.BindingException: Invalid bound statement (not found): com.xzbd.mail.dao.BiEmailReceiverGroupConfigDao.list',NULL,'2019-01-15 17:49:31'),(805,1,'admin','error',NULL,'http://localhost:8099/mail/biEmailJobConfig/list','org.apache.ibatis.binding.BindingException: Invalid bound statement (not found): com.xzbd.mail.dao.BiEmailJobConfigDao.list',NULL,'2019-01-15 17:49:33'),(806,1,'admin','error',NULL,'http://localhost:8099/mail/biEmailExcelConfig/list','org.apache.ibatis.binding.BindingException: Invalid bound statement (not found): com.xzbd.mail.dao.BiEmailExcelConfigDao.list',NULL,'2019-01-15 17:49:34'),(807,1,'admin','error',NULL,'http://localhost:8099/mail/biEmailSheetConfig/list','org.apache.ibatis.binding.BindingException: Invalid bound statement (not found): com.xzbd.mail.dao.BiEmailSheetConfigDao.list',NULL,'2019-01-15 17:49:35'),(808,1,'admin','error',NULL,'http://localhost:8099/mail/biEmailTextContentConfig/list','org.apache.ibatis.binding.BindingException: Invalid bound statement (not found): com.xzbd.mail.dao.BiEmailTextContentConfigDao.list',NULL,'2019-01-15 17:49:36'),(809,1,'admin','登录',56,'com.xzbd.system.controller.LoginController.ajaxLogin()',NULL,'127.0.0.1','2019-01-15 18:11:23'),(810,1,'admin','请求访问主页',99,'com.xzbd.system.controller.LoginController.index()',NULL,'127.0.0.1','2019-01-15 18:11:24'),(811,1,'admin','error',NULL,'http://localhost:8099/mail/biEmailSenderConfig/list','org.apache.ibatis.binding.BindingException: Invalid bound statement (not found): com.xzbd.mail.dao.BiEmailSenderConfigDao.list',NULL,'2019-01-15 18:11:27'),(812,1,'admin','登录',79,'com.xzbd.system.controller.LoginController.ajaxLogin()',NULL,'127.0.0.1','2019-01-15 18:17:39'),(813,1,'admin','请求访问主页',118,'com.xzbd.system.controller.LoginController.index()',NULL,'127.0.0.1','2019-01-15 18:17:39'),(814,1,'admin','error',NULL,'http://localhost:8099/mail/biEmailSenderConfig/list','org.apache.ibatis.binding.BindingException: Invalid bound statement (not found): com.xzbd.mail.dao.BiEmailSenderConfigDao.list',NULL,'2019-01-15 18:17:43'),(815,1,'admin','登录',58,'com.xzbd.system.controller.LoginController.ajaxLogin()',NULL,'127.0.0.1','2019-01-15 18:33:48'),(816,1,'admin','请求访问主页',119,'com.xzbd.system.controller.LoginController.index()',NULL,'127.0.0.1','2019-01-15 18:33:48'),(817,1,'admin','error',NULL,'http://localhost:8099/mail/biEmailSenderConfig/list','org.apache.ibatis.binding.BindingException: Invalid bound statement (not found): com.xzbd.mail.dao.BiEmailSenderConfigDao.list',NULL,'2019-01-15 18:33:52'),(818,1,'admin','error',NULL,'http://localhost:8099/mail/biEmailSenderConfig/save','org.apache.ibatis.binding.BindingException: Invalid bound statement (not found): com.xzbd.mail.dao.BiEmailSenderConfigDao.save',NULL,'2019-01-15 18:34:12'),(819,1,'admin','登录',121,'com.xzbd.system.controller.LoginController.ajaxLogin()',NULL,'127.0.0.1','2019-01-15 18:42:34'),(820,1,'admin','请求访问主页',113,'com.xzbd.system.controller.LoginController.index()',NULL,'127.0.0.1','2019-01-15 18:42:34'),(821,1,'admin','登录',54,'com.xzbd.system.controller.LoginController.ajaxLogin()',NULL,'127.0.0.1','2019-01-15 18:55:01'),(822,1,'admin','请求访问主页',130,'com.xzbd.system.controller.LoginController.index()',NULL,'127.0.0.1','2019-01-15 18:55:01'),(823,1,'admin','请求访问主页',13,'com.xzbd.system.controller.LoginController.index()',NULL,'127.0.0.1','2019-01-15 18:57:02'),(824,1,'admin','登录',60,'com.xzbd.system.controller.LoginController.ajaxLogin()',NULL,'127.0.0.1','2019-01-15 18:57:48'),(825,1,'admin','请求访问主页',129,'com.xzbd.system.controller.LoginController.index()',NULL,'127.0.0.1','2019-01-15 18:57:49'),(826,1,'admin','error',NULL,'http://localhost:8099/mail/biEmailSenderConfig/list','org.mybatis.spring.MyBatisSystemException: nested exception is org.apache.ibatis.type.TypeException: Could not set parameters for mapping: ParameterMapping{property=\'searchName\', mode=IN, javaType=class java.lang.Object, jdbcType=null, numericScale=null, resultMapId=\'null\', jdbcTypeName=\'null\', expression=\'null\'}. Cause: org.apache.ibatis.type.TypeException: Error setting non null for parameter #3 with JdbcType null . Try setting a different JdbcType for this parameter or a different configuration property. Cause: org.apache.ibatis.type.TypeException: Error setting non null for parameter #3 with JdbcType null . Try setting a different JdbcType for this parameter or a different configuration property. Cause: java.sql.SQLException: Parameter index out of range (3 > number of parameters, which is 2).',NULL,'2019-01-15 18:57:57'),(827,1,'admin','error',NULL,'http://localhost:8099/mail/biEmailSenderConfig/list','org.mybatis.spring.MyBatisSystemException: nested exception is org.apache.ibatis.type.TypeException: Could not set parameters for mapping: ParameterMapping{property=\'searchName\', mode=IN, javaType=class java.lang.Object, jdbcType=null, numericScale=null, resultMapId=\'null\', jdbcTypeName=\'null\', expression=\'null\'}. Cause: org.apache.ibatis.type.TypeException: Error setting non null for parameter #3 with JdbcType null . Try setting a different JdbcType for this parameter or a different configuration property. Cause: org.apache.ibatis.type.TypeException: Error setting non null for parameter #3 with JdbcType null . Try setting a different JdbcType for this parameter or a different configuration property. Cause: java.sql.SQLException: Parameter index out of range (3 > number of parameters, which is 2).',NULL,'2019-01-15 18:58:01'),(828,1,'admin','error',NULL,'http://localhost:8099/mail/biEmailSenderConfig/list','org.mybatis.spring.MyBatisSystemException: nested exception is org.apache.ibatis.type.TypeException: Could not set parameters for mapping: ParameterMapping{property=\'searchName\', mode=IN, javaType=class java.lang.Object, jdbcType=null, numericScale=null, resultMapId=\'null\', jdbcTypeName=\'null\', expression=\'null\'}. Cause: org.apache.ibatis.type.TypeException: Error setting non null for parameter #3 with JdbcType null . Try setting a different JdbcType for this parameter or a different configuration property. Cause: org.apache.ibatis.type.TypeException: Error setting non null for parameter #3 with JdbcType null . Try setting a different JdbcType for this parameter or a different configuration property. Cause: java.sql.SQLException: Parameter index out of range (3 > number of parameters, which is 2).',NULL,'2019-01-15 18:58:08'),(829,1,'admin','登录',93,'com.xzbd.system.controller.LoginController.ajaxLogin()',NULL,'127.0.0.1','2019-01-15 19:01:05'),(830,1,'admin','请求访问主页',107,'com.xzbd.system.controller.LoginController.index()',NULL,'127.0.0.1','2019-01-15 19:01:06'),(831,1,'admin','error',NULL,'http://localhost:8099/mail/biEmailSenderConfig/list','org.mybatis.spring.MyBatisSystemException: nested exception is org.apache.ibatis.type.TypeException: Could not set parameters for mapping: ParameterMapping{property=\'searchName\', mode=IN, javaType=class java.lang.Object, jdbcType=null, numericScale=null, resultMapId=\'null\', jdbcTypeName=\'null\', expression=\'null\'}. Cause: org.apache.ibatis.type.TypeException: Error setting non null for parameter #3 with JdbcType null . Try setting a different JdbcType for this parameter or a different configuration property. Cause: org.apache.ibatis.type.TypeException: Error setting non null for parameter #3 with JdbcType null . Try setting a different JdbcType for this parameter or a different configuration property. Cause: java.sql.SQLException: Parameter index out of range (3 > number of parameters, which is 2).',NULL,'2019-01-15 19:02:11'),(832,1,'admin','登录',75,'com.xzbd.system.controller.LoginController.ajaxLogin()',NULL,'127.0.0.1','2019-01-15 19:03:33'),(833,1,'admin','请求访问主页',165,'com.xzbd.system.controller.LoginController.index()',NULL,'127.0.0.1','2019-01-15 19:03:33'),(834,1,'admin','登录',68,'com.xzbd.system.controller.LoginController.ajaxLogin()',NULL,'127.0.0.1','2019-01-15 19:05:05'),(835,1,'admin','请求访问主页',143,'com.xzbd.system.controller.LoginController.index()',NULL,'127.0.0.1','2019-01-15 19:05:06'),(836,1,'admin','登录',74,'com.xzbd.system.controller.LoginController.ajaxLogin()',NULL,'127.0.0.1','2019-01-16 10:32:28'),(837,1,'admin','请求访问主页',114,'com.xzbd.system.controller.LoginController.index()',NULL,'127.0.0.1','2019-01-16 10:32:28'),(838,1,'admin','登录',70,'com.xzbd.system.controller.LoginController.ajaxLogin()',NULL,'127.0.0.1','2019-01-16 10:36:07'),(839,1,'admin','请求访问主页',219,'com.xzbd.system.controller.LoginController.index()',NULL,'127.0.0.1','2019-01-16 10:36:07'),(840,1,'admin','登录',96,'com.xzbd.system.controller.LoginController.ajaxLogin()',NULL,'127.0.0.1','2019-01-16 10:41:09'),(841,1,'admin','请求访问主页',138,'com.xzbd.system.controller.LoginController.index()',NULL,'127.0.0.1','2019-01-16 10:41:09'),(842,1,'admin','登录',67,'com.xzbd.system.controller.LoginController.ajaxLogin()',NULL,'127.0.0.1','2019-01-16 10:46:32'),(843,1,'admin','请求访问主页',105,'com.xzbd.system.controller.LoginController.index()',NULL,'127.0.0.1','2019-01-16 10:46:32'),(844,1,'admin','登录',70,'com.xzbd.system.controller.LoginController.ajaxLogin()',NULL,'127.0.0.1','2019-01-16 10:48:03'),(845,1,'admin','请求访问主页',126,'com.xzbd.system.controller.LoginController.index()',NULL,'127.0.0.1','2019-01-16 10:48:03'),(846,1,'admin','登录',62,'com.xzbd.system.controller.LoginController.ajaxLogin()',NULL,'127.0.0.1','2019-01-16 10:49:07'),(847,1,'admin','请求访问主页',108,'com.xzbd.system.controller.LoginController.index()',NULL,'127.0.0.1','2019-01-16 10:49:07'),(848,1,'admin','登录',64,'com.xzbd.system.controller.LoginController.ajaxLogin()',NULL,'127.0.0.1','2019-01-16 11:01:44'),(849,1,'admin','请求访问主页',113,'com.xzbd.system.controller.LoginController.index()',NULL,'127.0.0.1','2019-01-16 11:01:44'),(850,1,'admin','登录',61,'com.xzbd.system.controller.LoginController.ajaxLogin()',NULL,'127.0.0.1','2019-01-16 11:32:03'),(851,1,'admin','请求访问主页',103,'com.xzbd.system.controller.LoginController.index()',NULL,'127.0.0.1','2019-01-16 11:32:03'),(852,1,'admin','登录',61,'com.xzbd.system.controller.LoginController.ajaxLogin()',NULL,'127.0.0.1','2019-01-16 11:40:10'),(853,1,'admin','请求访问主页',97,'com.xzbd.system.controller.LoginController.index()',NULL,'127.0.0.1','2019-01-16 11:40:10'),(854,1,'admin','请求访问主页',15,'com.xzbd.system.controller.LoginController.index()',NULL,'127.0.0.1','2019-01-16 11:40:37'),(855,1,'admin','请求访问主页',14,'com.xzbd.system.controller.LoginController.index()',NULL,'127.0.0.1','2019-01-16 11:40:39'),(856,1,'admin','添加菜单',7,'com.xzbd.system.controller.MenuController.add()',NULL,'127.0.0.1','2019-01-16 11:41:29'),(857,1,'admin','保存菜单',60,'com.xzbd.system.controller.MenuController.save()',NULL,'127.0.0.1','2019-01-16 11:41:55'),(858,1,'admin','添加菜单',3,'com.xzbd.system.controller.MenuController.add()',NULL,'127.0.0.1','2019-01-16 11:42:03'),(859,1,'admin','保存菜单',82,'com.xzbd.system.controller.MenuController.save()',NULL,'127.0.0.1','2019-01-16 11:42:29'),(860,1,'admin','添加菜单',5,'com.xzbd.system.controller.MenuController.add()',NULL,'127.0.0.1','2019-01-16 11:42:36'),(861,1,'admin','保存菜单',106,'com.xzbd.system.controller.MenuController.save()',NULL,'127.0.0.1','2019-01-16 11:43:05'),(862,1,'admin','编辑角色',6,'com.xzbd.system.controller.RoleController.edit()',NULL,'127.0.0.1','2019-01-16 11:43:26'),(863,1,'admin','更新角色',192,'com.xzbd.system.controller.RoleController.update()',NULL,'127.0.0.1','2019-01-16 11:43:40'),(864,1,'admin','请求访问主页',11,'com.xzbd.system.controller.LoginController.index()',NULL,'127.0.0.1','2019-01-16 11:43:43'),(865,1,'admin','登录',68,'com.xzbd.system.controller.LoginController.ajaxLogin()',NULL,'127.0.0.1','2019-01-16 11:44:23'),(866,1,'admin','请求访问主页',115,'com.xzbd.system.controller.LoginController.index()',NULL,'127.0.0.1','2019-01-16 11:44:23'),(867,1,'admin','登录',7,'com.xzbd.system.controller.LoginController.ajaxLogin()',NULL,'127.0.0.1','2019-01-16 11:46:15'),(868,1,'admin','请求访问主页',16,'com.xzbd.system.controller.LoginController.index()',NULL,'127.0.0.1','2019-01-16 11:46:15'),(869,1,'admin','登录',78,'com.xzbd.system.controller.LoginController.ajaxLogin()',NULL,'127.0.0.1','2019-01-16 12:07:20'),(870,1,'admin','请求访问主页',140,'com.xzbd.system.controller.LoginController.index()',NULL,'127.0.0.1','2019-01-16 12:07:20'),(871,1,'admin','登录',121,'com.xzbd.system.controller.LoginController.ajaxLogin()',NULL,'127.0.0.1','2019-01-16 12:11:06'),(872,1,'admin','请求访问主页',141,'com.xzbd.system.controller.LoginController.index()',NULL,'127.0.0.1','2019-01-16 12:11:06'),(873,1,'admin','登录',68,'com.xzbd.system.controller.LoginController.ajaxLogin()',NULL,'127.0.0.1','2019-01-16 13:03:44'),(874,1,'admin','请求访问主页',151,'com.xzbd.system.controller.LoginController.index()',NULL,'127.0.0.1','2019-01-16 13:03:44'),(875,1,'admin','登录',67,'com.xzbd.system.controller.LoginController.ajaxLogin()',NULL,'127.0.0.1','2019-01-16 13:06:53'),(876,1,'admin','请求访问主页',113,'com.xzbd.system.controller.LoginController.index()',NULL,'127.0.0.1','2019-01-16 13:06:53'),(877,1,'admin','登录',6,'com.xzbd.system.controller.LoginController.ajaxLogin()',NULL,'127.0.0.1','2019-01-16 13:07:39'),(878,1,'admin','请求访问主页',15,'com.xzbd.system.controller.LoginController.index()',NULL,'127.0.0.1','2019-01-16 13:07:39'),(879,1,'admin','登录',78,'com.xzbd.system.controller.LoginController.ajaxLogin()',NULL,'127.0.0.1','2019-01-16 13:09:51'),(880,1,'admin','请求访问主页',133,'com.xzbd.system.controller.LoginController.index()',NULL,'127.0.0.1','2019-01-16 13:09:51'),(881,1,'admin','登录',63,'com.xzbd.system.controller.LoginController.ajaxLogin()',NULL,'127.0.0.1','2019-01-16 13:12:37'),(882,1,'admin','请求访问主页',99,'com.xzbd.system.controller.LoginController.index()',NULL,'127.0.0.1','2019-01-16 13:12:37'),(883,1,'admin','请求访问主页',13,'com.xzbd.system.controller.LoginController.index()',NULL,'127.0.0.1','2019-01-16 13:22:08'),(884,1,'admin','登录',91,'com.xzbd.system.controller.LoginController.ajaxLogin()',NULL,'127.0.0.1','2019-01-16 13:32:44'),(885,1,'admin','请求访问主页',125,'com.xzbd.system.controller.LoginController.index()',NULL,'127.0.0.1','2019-01-16 13:32:45'),(886,1,'admin','登录',78,'com.xzbd.system.controller.LoginController.ajaxLogin()',NULL,'127.0.0.1','2019-01-16 13:34:31'),(887,1,'admin','请求访问主页',107,'com.xzbd.system.controller.LoginController.index()',NULL,'127.0.0.1','2019-01-16 13:34:31'),(888,1,'admin','登录',59,'com.xzbd.system.controller.LoginController.ajaxLogin()',NULL,'127.0.0.1','2019-01-16 13:36:40'),(889,1,'admin','请求访问主页',106,'com.xzbd.system.controller.LoginController.index()',NULL,'127.0.0.1','2019-01-16 13:36:40'),(890,1,'admin','登录',55,'com.xzbd.system.controller.LoginController.ajaxLogin()',NULL,'127.0.0.1','2019-01-16 13:37:54'),(891,1,'admin','请求访问主页',124,'com.xzbd.system.controller.LoginController.index()',NULL,'127.0.0.1','2019-01-16 13:37:54'),(892,1,'admin','登录',50,'com.xzbd.system.controller.LoginController.ajaxLogin()',NULL,'127.0.0.1','2019-01-16 13:40:09'),(893,1,'admin','请求访问主页',116,'com.xzbd.system.controller.LoginController.index()',NULL,'127.0.0.1','2019-01-16 13:40:09'),(894,1,'admin','登录',48,'com.xzbd.system.controller.LoginController.ajaxLogin()',NULL,'127.0.0.1','2019-01-16 13:41:13'),(895,1,'admin','请求访问主页',105,'com.xzbd.system.controller.LoginController.index()',NULL,'127.0.0.1','2019-01-16 13:41:13'),(896,1,'admin','登录',70,'com.xzbd.system.controller.LoginController.ajaxLogin()',NULL,'127.0.0.1','2019-01-16 13:48:37'),(897,1,'admin','请求访问主页',111,'com.xzbd.system.controller.LoginController.index()',NULL,'127.0.0.1','2019-01-16 13:48:38'),(898,1,'admin','登录',80,'com.xzbd.system.controller.LoginController.ajaxLogin()',NULL,'127.0.0.1','2019-01-16 14:05:11'),(899,1,'admin','请求访问主页',111,'com.xzbd.system.controller.LoginController.index()',NULL,'127.0.0.1','2019-01-16 14:05:11'),(900,1,'admin','登录',5,'com.xzbd.system.controller.LoginController.ajaxLogin()',NULL,'127.0.0.1','2019-01-16 14:05:30'),(901,1,'admin','请求访问主页',14,'com.xzbd.system.controller.LoginController.index()',NULL,'127.0.0.1','2019-01-16 14:05:30'),(902,1,'admin','添加菜单',6,'com.xzbd.system.controller.MenuController.add()',NULL,'127.0.0.1','2019-01-16 14:07:43'),(903,1,'admin','保存菜单',62,'com.xzbd.system.controller.MenuController.save()',NULL,'127.0.0.1','2019-01-16 14:08:03'),(904,1,'admin','添加菜单',5,'com.xzbd.system.controller.MenuController.add()',NULL,'127.0.0.1','2019-01-16 14:08:08'),(905,1,'admin','保存菜单',157,'com.xzbd.system.controller.MenuController.save()',NULL,'127.0.0.1','2019-01-16 14:08:33'),(906,1,'admin','添加菜单',4,'com.xzbd.system.controller.MenuController.add()',NULL,'127.0.0.1','2019-01-16 14:08:38'),(907,1,'admin','保存菜单',87,'com.xzbd.system.controller.MenuController.save()',NULL,'127.0.0.1','2019-01-16 14:09:22'),(908,1,'admin','登录',91,'com.xzbd.system.controller.LoginController.ajaxLogin()',NULL,'127.0.0.1','2019-01-16 14:32:36'),(909,1,'admin','请求访问主页',98,'com.xzbd.system.controller.LoginController.index()',NULL,'127.0.0.1','2019-01-16 14:32:36'),(910,1,'admin','编辑角色',4,'com.xzbd.system.controller.RoleController.edit()',NULL,'127.0.0.1','2019-01-16 14:32:50'),(911,1,'admin','更新角色',290,'com.xzbd.system.controller.RoleController.update()',NULL,'127.0.0.1','2019-01-16 14:33:29'),(912,1,'admin','请求访问主页',21,'com.xzbd.system.controller.LoginController.index()',NULL,'127.0.0.1','2019-01-16 14:33:31'),(913,1,'admin','登录',5,'com.xzbd.system.controller.LoginController.ajaxLogin()',NULL,'127.0.0.1','2019-01-16 14:33:36'),(914,1,'admin','请求访问主页',12,'com.xzbd.system.controller.LoginController.index()',NULL,'127.0.0.1','2019-01-16 14:33:36'),(915,1,'admin','登录',6,'com.xzbd.system.controller.LoginController.ajaxLogin()',NULL,'127.0.0.1','2019-01-16 14:34:28'),(916,1,'admin','请求访问主页',10,'com.xzbd.system.controller.LoginController.index()',NULL,'127.0.0.1','2019-01-16 14:34:28'),(917,1,'admin','登录',113,'com.xzbd.system.controller.LoginController.ajaxLogin()',NULL,'127.0.0.1','2019-01-16 14:37:41'),(918,1,'admin','请求访问主页',112,'com.xzbd.system.controller.LoginController.index()',NULL,'127.0.0.1','2019-01-16 14:37:41'),(919,1,'admin','登录',52,'com.xzbd.system.controller.LoginController.ajaxLogin()',NULL,'127.0.0.1','2019-01-16 14:42:53'),(920,1,'admin','请求访问主页',128,'com.xzbd.system.controller.LoginController.index()',NULL,'127.0.0.1','2019-01-16 14:42:54'),(921,1,'admin','登录',103,'com.xzbd.system.controller.LoginController.ajaxLogin()',NULL,'127.0.0.1','2019-01-16 14:44:54'),(922,1,'admin','请求访问主页',116,'com.xzbd.system.controller.LoginController.index()',NULL,'127.0.0.1','2019-01-16 14:44:54'),(923,1,'admin','请求访问主页',13,'com.xzbd.system.controller.LoginController.index()',NULL,'127.0.0.1','2019-01-16 14:45:18'),(924,1,'admin','请求访问主页',8,'com.xzbd.system.controller.LoginController.index()',NULL,'127.0.0.1','2019-01-16 14:45:19'),(925,1,'admin','请求访问主页',11,'com.xzbd.system.controller.LoginController.index()',NULL,'127.0.0.1','2019-01-16 14:45:19'),(926,1,'admin','请求访问主页',14,'com.xzbd.system.controller.LoginController.index()',NULL,'127.0.0.1','2019-01-16 14:45:19'),(927,1,'admin','请求访问主页',9,'com.xzbd.system.controller.LoginController.index()',NULL,'127.0.0.1','2019-01-16 14:45:20'),(928,1,'admin','登录',5,'com.xzbd.system.controller.LoginController.ajaxLogin()',NULL,'127.0.0.1','2019-01-16 14:45:39'),(929,1,'admin','请求访问主页',13,'com.xzbd.system.controller.LoginController.index()',NULL,'127.0.0.1','2019-01-16 14:45:40'),(930,1,'admin','添加菜单',5,'com.xzbd.system.controller.MenuController.add()',NULL,'127.0.0.1','2019-01-16 14:47:44'),(931,1,'admin','保存菜单',69,'com.xzbd.system.controller.MenuController.save()',NULL,'127.0.0.1','2019-01-16 14:48:09'),(932,1,'admin','添加菜单',3,'com.xzbd.system.controller.MenuController.add()',NULL,'127.0.0.1','2019-01-16 14:48:16'),(933,1,'admin','保存菜单',116,'com.xzbd.system.controller.MenuController.save()',NULL,'127.0.0.1','2019-01-16 14:49:02'),(934,1,'admin','添加菜单',4,'com.xzbd.system.controller.MenuController.add()',NULL,'127.0.0.1','2019-01-16 14:49:13'),(935,1,'admin','保存菜单',43,'com.xzbd.system.controller.MenuController.save()',NULL,'127.0.0.1','2019-01-16 14:49:41'),(936,1,'admin','编辑角色',3,'com.xzbd.system.controller.RoleController.edit()',NULL,'127.0.0.1','2019-01-16 14:50:43'),(937,1,'admin','更新角色',257,'com.xzbd.system.controller.RoleController.update()',NULL,'127.0.0.1','2019-01-16 14:50:50'),(938,1,'admin','登录',4,'com.xzbd.system.controller.LoginController.ajaxLogin()',NULL,'127.0.0.1','2019-01-16 14:50:53'),(939,1,'admin','请求访问主页',7,'com.xzbd.system.controller.LoginController.index()',NULL,'127.0.0.1','2019-01-16 14:50:53'),(940,1,'admin','登录',58,'com.xzbd.system.controller.LoginController.ajaxLogin()',NULL,'127.0.0.1','2019-01-16 15:03:38'),(941,1,'admin','请求访问主页',115,'com.xzbd.system.controller.LoginController.index()',NULL,'127.0.0.1','2019-01-16 15:03:39'),(942,1,'admin','请求访问主页',11,'com.xzbd.system.controller.LoginController.index()',NULL,'127.0.0.1','2019-01-16 15:04:09'),(943,1,'admin','请求访问主页',15,'com.xzbd.system.controller.LoginController.index()',NULL,'127.0.0.1','2019-01-16 15:04:09'),(944,1,'admin','登录',7,'com.xzbd.system.controller.LoginController.ajaxLogin()',NULL,'127.0.0.1','2019-01-16 15:04:59'),(945,1,'admin','请求访问主页',15,'com.xzbd.system.controller.LoginController.index()',NULL,'127.0.0.1','2019-01-16 15:04:59'),(946,1,'admin','登录',75,'com.xzbd.system.controller.LoginController.ajaxLogin()',NULL,'127.0.0.1','2019-01-16 15:10:49'),(947,1,'admin','请求访问主页',93,'com.xzbd.system.controller.LoginController.index()',NULL,'127.0.0.1','2019-01-16 15:10:49'),(948,1,'admin','登录',77,'com.xzbd.system.controller.LoginController.ajaxLogin()',NULL,'127.0.0.1','2019-01-16 15:12:56'),(949,1,'admin','请求访问主页',121,'com.xzbd.system.controller.LoginController.index()',NULL,'127.0.0.1','2019-01-16 15:12:56'),(950,1,'admin','添加菜单',10,'com.xzbd.system.controller.MenuController.add()',NULL,'127.0.0.1','2019-01-16 15:26:01'),(951,1,'admin','保存菜单',42,'com.xzbd.system.controller.MenuController.save()',NULL,'127.0.0.1','2019-01-16 15:26:16'),(952,1,'admin','添加菜单',7,'com.xzbd.system.controller.MenuController.add()',NULL,'127.0.0.1','2019-01-16 15:26:27'),(953,1,'admin','保存菜单',71,'com.xzbd.system.controller.MenuController.save()',NULL,'127.0.0.1','2019-01-16 15:27:03'),(954,1,'admin','添加菜单',5,'com.xzbd.system.controller.MenuController.add()',NULL,'127.0.0.1','2019-01-16 15:27:10'),(955,1,'admin','保存菜单',88,'com.xzbd.system.controller.MenuController.save()',NULL,'127.0.0.1','2019-01-16 15:27:30'),(956,1,'admin','登录',77,'com.xzbd.system.controller.LoginController.ajaxLogin()',NULL,'127.0.0.1','2019-01-16 15:34:55'),(957,1,'admin','请求访问主页',125,'com.xzbd.system.controller.LoginController.index()',NULL,'127.0.0.1','2019-01-16 15:34:56'),(958,1,'admin','编辑角色',8,'com.xzbd.system.controller.RoleController.edit()',NULL,'127.0.0.1','2019-01-16 15:35:56'),(959,1,'admin','更新角色',197,'com.xzbd.system.controller.RoleController.update()',NULL,'127.0.0.1','2019-01-16 15:36:01'),(960,1,'admin','登录',9,'com.xzbd.system.controller.LoginController.ajaxLogin()',NULL,'127.0.0.1','2019-01-16 15:36:06'),(961,1,'admin','请求访问主页',14,'com.xzbd.system.controller.LoginController.index()',NULL,'127.0.0.1','2019-01-16 15:36:06'),(962,1,'admin','登录',66,'com.xzbd.system.controller.LoginController.ajaxLogin()',NULL,'127.0.0.1','2019-01-16 15:39:15'),(963,1,'admin','请求访问主页',140,'com.xzbd.system.controller.LoginController.index()',NULL,'127.0.0.1','2019-01-16 15:39:15'),(964,1,'admin','登录',93,'com.xzbd.system.controller.LoginController.ajaxLogin()',NULL,'127.0.0.1','2019-01-16 16:42:36'),(965,1,'admin','请求访问主页',105,'com.xzbd.system.controller.LoginController.index()',NULL,'127.0.0.1','2019-01-16 16:42:36'),(966,1,'admin','登录',65,'com.xzbd.system.controller.LoginController.ajaxLogin()',NULL,'127.0.0.1','2019-01-16 16:43:58'),(967,1,'admin','请求访问主页',122,'com.xzbd.system.controller.LoginController.index()',NULL,'127.0.0.1','2019-01-16 16:43:58'),(968,1,'admin','登录',66,'com.xzbd.system.controller.LoginController.ajaxLogin()',NULL,'127.0.0.1','2019-01-16 16:53:39'),(969,1,'admin','请求访问主页',127,'com.xzbd.system.controller.LoginController.index()',NULL,'127.0.0.1','2019-01-16 16:53:39'),(970,1,'admin','请求访问主页',13,'com.xzbd.system.controller.LoginController.index()',NULL,'127.0.0.1','2019-01-16 16:54:41'),(971,1,'admin','登录',7,'com.xzbd.system.controller.LoginController.ajaxLogin()',NULL,'127.0.0.1','2019-01-16 16:55:16'),(972,1,'admin','请求访问主页',14,'com.xzbd.system.controller.LoginController.index()',NULL,'127.0.0.1','2019-01-16 16:55:16'),(973,1,'admin','error',NULL,'http://localhost:8099/mail/biEmailExcelSheetConfig/list2option','org.springframework.web.HttpRequestMethodNotSupportedException: Request method \'GET\' not supported',NULL,'2019-01-16 16:55:21'),(974,1,'admin','登录',83,'com.xzbd.system.controller.LoginController.ajaxLogin()',NULL,'127.0.0.1','2019-01-16 16:56:34'),(975,1,'admin','请求访问主页',121,'com.xzbd.system.controller.LoginController.index()',NULL,'127.0.0.1','2019-01-16 16:56:34'),(976,1,'admin','登录',72,'com.xzbd.system.controller.LoginController.ajaxLogin()',NULL,'127.0.0.1','2019-01-16 17:50:50'),(977,1,'admin','请求访问主页',111,'com.xzbd.system.controller.LoginController.index()',NULL,'127.0.0.1','2019-01-16 17:50:51'),(978,1,'admin','登录',97,'com.xzbd.system.controller.LoginController.ajaxLogin()',NULL,'127.0.0.1','2019-01-16 18:06:09'),(979,1,'admin','请求访问主页',148,'com.xzbd.system.controller.LoginController.index()',NULL,'127.0.0.1','2019-01-16 18:06:09'),(980,1,'admin','请求访问主页',16,'com.xzbd.system.controller.LoginController.index()',NULL,'127.0.0.1','2019-01-16 18:06:56'),(981,1,'admin','请求访问主页',11,'com.xzbd.system.controller.LoginController.index()',NULL,'127.0.0.1','2019-01-16 18:06:59'),(982,1,'admin','请求访问主页',12,'com.xzbd.system.controller.LoginController.index()',NULL,'127.0.0.1','2019-01-16 18:06:59'),(983,1,'admin','请求访问主页',14,'com.xzbd.system.controller.LoginController.index()',NULL,'127.0.0.1','2019-01-16 18:06:59'),(984,1,'admin','请求访问主页',16,'com.xzbd.system.controller.LoginController.index()',NULL,'127.0.0.1','2019-01-16 18:07:00'),(985,1,'admin','登录',5,'com.xzbd.system.controller.LoginController.ajaxLogin()',NULL,'127.0.0.1','2019-01-16 18:07:21'),(986,1,'admin','请求访问主页',11,'com.xzbd.system.controller.LoginController.index()',NULL,'127.0.0.1','2019-01-16 18:07:21'),(987,1,'admin','登录',92,'com.xzbd.system.controller.LoginController.ajaxLogin()',NULL,'127.0.0.1','2019-01-16 18:08:17'),(988,1,'admin','请求访问主页',180,'com.xzbd.system.controller.LoginController.index()',NULL,'127.0.0.1','2019-01-16 18:08:17'),(989,1,'admin','登录',103,'com.xzbd.system.controller.LoginController.ajaxLogin()',NULL,'127.0.0.1','2019-01-16 18:12:40'),(990,1,'admin','请求访问主页',111,'com.xzbd.system.controller.LoginController.index()',NULL,'127.0.0.1','2019-01-16 18:12:40'),(991,1,'admin','登录',58,'com.xzbd.system.controller.LoginController.ajaxLogin()',NULL,'127.0.0.1','2019-01-16 18:14:27'),(992,1,'admin','请求访问主页',166,'com.xzbd.system.controller.LoginController.index()',NULL,'127.0.0.1','2019-01-16 18:14:27'),(993,1,'admin','添加菜单',8,'com.xzbd.system.controller.MenuController.add()',NULL,'127.0.0.1','2019-01-16 18:18:48'),(994,1,'admin','保存菜单',61,'com.xzbd.system.controller.MenuController.save()',NULL,'127.0.0.1','2019-01-16 18:19:23'),(995,1,'admin','添加菜单',5,'com.xzbd.system.controller.MenuController.add()',NULL,'127.0.0.1','2019-01-16 18:19:51'),(996,1,'admin','保存菜单',80,'com.xzbd.system.controller.MenuController.save()',NULL,'127.0.0.1','2019-01-16 18:20:11'),(997,1,'admin','添加菜单',6,'com.xzbd.system.controller.MenuController.add()',NULL,'127.0.0.1','2019-01-16 18:20:21'),(998,1,'admin','保存菜单',72,'com.xzbd.system.controller.MenuController.save()',NULL,'127.0.0.1','2019-01-16 18:20:41'),(999,1,'admin','编辑角色',13,'com.xzbd.system.controller.RoleController.edit()',NULL,'127.0.0.1','2019-01-16 18:20:49'),(1000,1,'admin','更新角色',204,'com.xzbd.system.controller.RoleController.update()',NULL,'127.0.0.1','2019-01-16 18:20:58'),(1001,1,'admin','登录',4,'com.xzbd.system.controller.LoginController.ajaxLogin()',NULL,'127.0.0.1','2019-01-16 18:21:14'),(1002,1,'admin','请求访问主页',11,'com.xzbd.system.controller.LoginController.index()',NULL,'127.0.0.1','2019-01-16 18:21:14'),(1003,1,'admin','请求访问主页',11,'com.xzbd.system.controller.LoginController.index()',NULL,'127.0.0.1','2019-01-16 18:45:19'),(1004,1,'admin','添加菜单',6,'com.xzbd.system.controller.MenuController.add()',NULL,'127.0.0.1','2019-01-16 18:45:39'),(1005,1,'admin','保存菜单',75,'com.xzbd.system.controller.MenuController.save()',NULL,'127.0.0.1','2019-01-16 18:46:00'),(1006,1,'admin','添加菜单',4,'com.xzbd.system.controller.MenuController.add()',NULL,'127.0.0.1','2019-01-16 18:46:15'),(1007,1,'admin','保存菜单',65,'com.xzbd.system.controller.MenuController.save()',NULL,'127.0.0.1','2019-01-16 18:46:46'),(1008,1,'admin','编辑角色',2,'com.xzbd.system.controller.RoleController.edit()',NULL,'127.0.0.1','2019-01-16 18:46:50'),(1009,1,'admin','更新角色',316,'com.xzbd.system.controller.RoleController.update()',NULL,'127.0.0.1','2019-01-16 18:46:57'),(1010,1,'admin','登录',36,'com.xzbd.system.controller.LoginController.ajaxLogin()',NULL,'127.0.0.1','2019-01-16 18:47:02'),(1011,1,'admin','请求访问主页',96,'com.xzbd.system.controller.LoginController.index()',NULL,'127.0.0.1','2019-01-16 18:47:02'),(1012,1,'admin','登录',5,'com.xzbd.system.controller.LoginController.ajaxLogin()',NULL,'127.0.0.1','2019-01-16 18:47:27'),(1013,1,'admin','请求访问主页',9,'com.xzbd.system.controller.LoginController.index()',NULL,'127.0.0.1','2019-01-16 18:47:27'),(1014,1,'admin','登录',54,'com.xzbd.system.controller.LoginController.ajaxLogin()',NULL,'127.0.0.1','2019-01-16 18:50:06'),(1015,1,'admin','请求访问主页',122,'com.xzbd.system.controller.LoginController.index()',NULL,'127.0.0.1','2019-01-16 18:50:06'),(1016,1,'admin','登录',7,'com.xzbd.system.controller.LoginController.ajaxLogin()',NULL,'127.0.0.1','2019-01-16 18:50:29'),(1017,1,'admin','请求访问主页',15,'com.xzbd.system.controller.LoginController.index()',NULL,'127.0.0.1','2019-01-16 18:50:29'),(1018,1,'admin','登录',64,'com.xzbd.system.controller.LoginController.ajaxLogin()',NULL,'127.0.0.1','2019-01-16 18:52:52'),(1019,1,'admin','请求访问主页',95,'com.xzbd.system.controller.LoginController.index()',NULL,'127.0.0.1','2019-01-16 18:52:53'),(1020,1,'admin','登录',74,'com.xzbd.system.controller.LoginController.ajaxLogin()',NULL,'127.0.0.1','2019-01-16 19:07:40'),(1021,1,'admin','请求访问主页',161,'com.xzbd.system.controller.LoginController.index()',NULL,'127.0.0.1','2019-01-16 19:07:41'),(1022,1,'admin','登录',103,'com.xzbd.system.controller.LoginController.ajaxLogin()',NULL,'127.0.0.1','2019-01-17 10:49:09'),(1023,1,'admin','请求访问主页',114,'com.xzbd.system.controller.LoginController.index()',NULL,'127.0.0.1','2019-01-17 10:49:09'),(1024,1,'admin','登录',51,'com.xzbd.system.controller.LoginController.ajaxLogin()',NULL,'127.0.0.1','2019-01-17 11:16:08'),(1025,1,'admin','请求访问主页',107,'com.xzbd.system.controller.LoginController.index()',NULL,'127.0.0.1','2019-01-17 11:16:08'),(1026,1,'admin','登录',129,'com.xzbd.system.controller.LoginController.ajaxLogin()',NULL,'127.0.0.1','2019-01-17 11:20:37'),(1027,1,'admin','请求访问主页',105,'com.xzbd.system.controller.LoginController.index()',NULL,'127.0.0.1','2019-01-17 11:20:37'),(1028,1,'admin','登录',66,'com.xzbd.system.controller.LoginController.ajaxLogin()',NULL,'127.0.0.1','2019-01-17 11:28:32'),(1029,1,'admin','请求访问主页',155,'com.xzbd.system.controller.LoginController.index()',NULL,'127.0.0.1','2019-01-17 11:28:32'),(1030,1,'admin','登录',76,'com.xzbd.system.controller.LoginController.ajaxLogin()',NULL,'127.0.0.1','2019-01-17 11:31:07'),(1031,1,'admin','请求访问主页',136,'com.xzbd.system.controller.LoginController.index()',NULL,'127.0.0.1','2019-01-17 11:31:07'),(1032,1,'admin','登录',72,'com.xzbd.system.controller.LoginController.ajaxLogin()',NULL,'127.0.0.1','2019-01-17 11:34:15'),(1033,1,'admin','请求访问主页',133,'com.xzbd.system.controller.LoginController.index()',NULL,'127.0.0.1','2019-01-17 11:34:15'),(1034,1,'admin','登录',83,'com.xzbd.system.controller.LoginController.ajaxLogin()',NULL,'127.0.0.1','2019-01-17 11:36:29'),(1035,1,'admin','请求访问主页',122,'com.xzbd.system.controller.LoginController.index()',NULL,'127.0.0.1','2019-01-17 11:36:30'),(1036,1,'admin','登录',78,'com.xzbd.system.controller.LoginController.ajaxLogin()',NULL,'127.0.0.1','2019-01-17 11:41:24'),(1037,1,'admin','请求访问主页',144,'com.xzbd.system.controller.LoginController.index()',NULL,'127.0.0.1','2019-01-17 11:41:24'),(1038,1,'admin','登录',67,'com.xzbd.system.controller.LoginController.ajaxLogin()',NULL,'127.0.0.1','2019-01-17 11:53:23'),(1039,1,'admin','请求访问主页',113,'com.xzbd.system.controller.LoginController.index()',NULL,'127.0.0.1','2019-01-17 11:53:23'),(1040,1,'admin','登录',52,'com.xzbd.system.controller.LoginController.ajaxLogin()',NULL,'127.0.0.1','2019-01-17 12:02:03'),(1041,1,'admin','请求访问主页',103,'com.xzbd.system.controller.LoginController.index()',NULL,'127.0.0.1','2019-01-17 12:02:03'),(1042,1,'admin','登录',7,'com.xzbd.system.controller.LoginController.ajaxLogin()',NULL,'127.0.0.1','2019-01-17 12:04:12'),(1043,1,'admin','请求访问主页',15,'com.xzbd.system.controller.LoginController.index()',NULL,'127.0.0.1','2019-01-17 12:04:12'),(1044,1,'admin','登录',68,'com.xzbd.system.controller.LoginController.ajaxLogin()',NULL,'127.0.0.1','2019-01-17 13:48:35'),(1045,1,'admin','请求访问主页',108,'com.xzbd.system.controller.LoginController.index()',NULL,'127.0.0.1','2019-01-17 13:48:35'),(1046,1,'admin','登录',61,'com.xzbd.system.controller.LoginController.ajaxLogin()',NULL,'127.0.0.1','2019-01-17 13:50:46'),(1047,1,'admin','请求访问主页',104,'com.xzbd.system.controller.LoginController.index()',NULL,'127.0.0.1','2019-01-17 13:50:46'),(1048,1,'admin','登录',66,'com.xzbd.system.controller.LoginController.ajaxLogin()',NULL,'127.0.0.1','2019-01-17 13:53:44'),(1049,1,'admin','请求访问主页',102,'com.xzbd.system.controller.LoginController.index()',NULL,'127.0.0.1','2019-01-17 13:53:44'),(1050,1,'admin','登录',77,'com.xzbd.system.controller.LoginController.ajaxLogin()',NULL,'127.0.0.1','2019-01-17 13:57:30'),(1051,1,'admin','请求访问主页',124,'com.xzbd.system.controller.LoginController.index()',NULL,'127.0.0.1','2019-01-17 13:57:30'),(1052,1,'admin','登录',7,'com.xzbd.system.controller.LoginController.ajaxLogin()',NULL,'127.0.0.1','2019-01-17 13:59:07'),(1053,1,'admin','请求访问主页',16,'com.xzbd.system.controller.LoginController.index()',NULL,'127.0.0.1','2019-01-17 13:59:07'),(1054,1,'admin','登录',69,'com.xzbd.system.controller.LoginController.ajaxLogin()',NULL,'127.0.0.1','2019-01-17 14:16:26'),(1055,1,'admin','请求访问主页',116,'com.xzbd.system.controller.LoginController.index()',NULL,'127.0.0.1','2019-01-17 14:16:26'),(1056,1,'admin','登录',57,'com.xzbd.system.controller.LoginController.ajaxLogin()',NULL,'127.0.0.1','2019-01-17 14:18:12'),(1057,1,'admin','请求访问主页',133,'com.xzbd.system.controller.LoginController.index()',NULL,'127.0.0.1','2019-01-17 14:18:12'),(1058,1,'admin','登录',7,'com.xzbd.system.controller.LoginController.ajaxLogin()',NULL,'127.0.0.1','2019-01-17 14:20:26'),(1059,1,'admin','请求访问主页',20,'com.xzbd.system.controller.LoginController.index()',NULL,'127.0.0.1','2019-01-17 14:20:26'),(1060,1,'admin','登录',82,'com.xzbd.system.controller.LoginController.ajaxLogin()',NULL,'127.0.0.1','2019-01-17 14:51:14'),(1061,1,'admin','请求访问主页',148,'com.xzbd.system.controller.LoginController.index()',NULL,'127.0.0.1','2019-01-17 14:51:14'),(1062,1,'admin','登录',61,'com.xzbd.system.controller.LoginController.ajaxLogin()',NULL,'127.0.0.1','2019-01-17 15:11:21'),(1063,1,'admin','请求访问主页',115,'com.xzbd.system.controller.LoginController.index()',NULL,'127.0.0.1','2019-01-17 15:11:21'),(1064,1,'admin','登录',63,'com.xzbd.system.controller.LoginController.ajaxLogin()',NULL,'127.0.0.1','2019-01-17 15:12:49'),(1065,1,'admin','请求访问主页',131,'com.xzbd.system.controller.LoginController.index()',NULL,'127.0.0.1','2019-01-17 15:12:49'),(1066,1,'admin','登录',50,'com.xzbd.system.controller.LoginController.ajaxLogin()',NULL,'127.0.0.1','2019-01-17 15:27:36'),(1067,1,'admin','请求访问主页',111,'com.xzbd.system.controller.LoginController.index()',NULL,'127.0.0.1','2019-01-17 15:27:37'),(1068,1,'admin','登录',5,'com.xzbd.system.controller.LoginController.ajaxLogin()',NULL,'127.0.0.1','2019-01-17 15:28:00'),(1069,1,'admin','请求访问主页',15,'com.xzbd.system.controller.LoginController.index()',NULL,'127.0.0.1','2019-01-17 15:28:01'),(1070,1,'admin','登录',71,'com.xzbd.system.controller.LoginController.ajaxLogin()',NULL,'127.0.0.1','2019-01-17 15:36:31'),(1071,1,'admin','请求访问主页',139,'com.xzbd.system.controller.LoginController.index()',NULL,'127.0.0.1','2019-01-17 15:36:31'),(1072,1,'admin','登录',65,'com.xzbd.system.controller.LoginController.ajaxLogin()',NULL,'127.0.0.1','2019-01-17 15:41:16'),(1073,1,'admin','请求访问主页',114,'com.xzbd.system.controller.LoginController.index()',NULL,'127.0.0.1','2019-01-17 15:41:16'),(1074,1,'admin','请求访问主页',13,'com.xzbd.system.controller.LoginController.index()',NULL,'127.0.0.1','2019-01-17 15:47:12'),(1075,1,'admin','请求访问主页',11,'com.xzbd.system.controller.LoginController.index()',NULL,'127.0.0.1','2019-01-17 15:51:12'),(1076,1,'admin','登录',72,'com.xzbd.system.controller.LoginController.ajaxLogin()',NULL,'127.0.0.1','2019-01-17 16:00:35'),(1077,1,'admin','请求访问主页',100,'com.xzbd.system.controller.LoginController.index()',NULL,'127.0.0.1','2019-01-17 16:00:35'),(1078,1,'admin','登录',69,'com.xzbd.system.controller.LoginController.ajaxLogin()',NULL,'127.0.0.1','2019-01-17 16:23:01'),(1079,1,'admin','请求访问主页',122,'com.xzbd.system.controller.LoginController.index()',NULL,'127.0.0.1','2019-01-17 16:23:01'),(1080,1,'admin','请求访问主页',13,'com.xzbd.system.controller.LoginController.index()',NULL,'127.0.0.1','2019-01-17 16:26:11'),(1081,1,'admin','登录',68,'com.xzbd.system.controller.LoginController.ajaxLogin()',NULL,'127.0.0.1','2019-01-17 16:30:31'),(1082,1,'admin','请求访问主页',122,'com.xzbd.system.controller.LoginController.index()',NULL,'127.0.0.1','2019-01-17 16:30:31'),(1083,1,'admin','登录',5,'com.xzbd.system.controller.LoginController.ajaxLogin()',NULL,'127.0.0.1','2019-01-17 16:32:01'),(1084,1,'admin','请求访问主页',13,'com.xzbd.system.controller.LoginController.index()',NULL,'127.0.0.1','2019-01-17 16:32:01'),(1085,1,'admin','登录',79,'com.xzbd.system.controller.LoginController.ajaxLogin()',NULL,'127.0.0.1','2019-01-17 16:33:44'),(1086,1,'admin','请求访问主页',116,'com.xzbd.system.controller.LoginController.index()',NULL,'127.0.0.1','2019-01-17 16:33:44'),(1087,1,'admin','请求访问主页',10,'com.xzbd.system.controller.LoginController.index()',NULL,'127.0.0.1','2019-01-17 16:33:57'),(1088,1,'admin','请求访问主页',11,'com.xzbd.system.controller.LoginController.index()',NULL,'127.0.0.1','2019-01-17 16:33:58'),(1089,1,'admin','请求访问主页',10,'com.xzbd.system.controller.LoginController.index()',NULL,'127.0.0.1','2019-01-17 16:33:58'),(1090,1,'admin','请求访问主页',11,'com.xzbd.system.controller.LoginController.index()',NULL,'127.0.0.1','2019-01-17 16:33:59'),(1091,1,'admin','请求访问主页',12,'com.xzbd.system.controller.LoginController.index()',NULL,'127.0.0.1','2019-01-17 16:34:00'),(1092,1,'admin','请求访问主页',9,'com.xzbd.system.controller.LoginController.index()',NULL,'127.0.0.1','2019-01-17 16:34:00'),(1093,1,'admin','请求访问主页',8,'com.xzbd.system.controller.LoginController.index()',NULL,'127.0.0.1','2019-01-17 16:34:00'),(1094,1,'admin','请求访问主页',18,'com.xzbd.system.controller.LoginController.index()',NULL,'127.0.0.1','2019-01-17 16:34:37'),(1095,1,'admin','登录',4,'com.xzbd.system.controller.LoginController.ajaxLogin()',NULL,'127.0.0.1','2019-01-17 16:34:45'),(1096,1,'admin','请求访问主页',8,'com.xzbd.system.controller.LoginController.index()',NULL,'127.0.0.1','2019-01-17 16:34:45'),(1097,1,'admin','登录',5,'com.xzbd.system.controller.LoginController.ajaxLogin()',NULL,'127.0.0.1','2019-01-17 16:37:29'),(1098,1,'admin','请求访问主页',9,'com.xzbd.system.controller.LoginController.index()',NULL,'127.0.0.1','2019-01-17 16:37:29'),(1099,1,'admin','登录',62,'com.xzbd.system.controller.LoginController.ajaxLogin()',NULL,'127.0.0.1','2019-01-17 16:38:16'),(1100,1,'admin','请求访问主页',118,'com.xzbd.system.controller.LoginController.index()',NULL,'127.0.0.1','2019-01-17 16:38:16'),(1101,1,'admin','登录',56,'com.xzbd.system.controller.LoginController.ajaxLogin()',NULL,'127.0.0.1','2019-01-17 16:56:24'),(1102,1,'admin','请求访问主页',111,'com.xzbd.system.controller.LoginController.index()',NULL,'127.0.0.1','2019-01-17 16:56:25'),(1103,1,'admin','登录',47,'com.xzbd.system.controller.LoginController.ajaxLogin()',NULL,'127.0.0.1','2019-01-17 17:23:56'),(1104,1,'admin','请求访问主页',121,'com.xzbd.system.controller.LoginController.index()',NULL,'127.0.0.1','2019-01-17 17:23:56'),(1105,1,'admin','登录',80,'com.xzbd.system.controller.LoginController.ajaxLogin()',NULL,'127.0.0.1','2019-01-17 17:26:28'),(1106,1,'admin','请求访问主页',113,'com.xzbd.system.controller.LoginController.index()',NULL,'127.0.0.1','2019-01-17 17:26:28'),(1107,1,'admin','登录',60,'com.xzbd.system.controller.LoginController.ajaxLogin()',NULL,'127.0.0.1','2019-01-17 17:29:09'),(1108,1,'admin','请求访问主页',140,'com.xzbd.system.controller.LoginController.index()',NULL,'127.0.0.1','2019-01-17 17:29:09'),(1109,1,'admin','登录',6,'com.xzbd.system.controller.LoginController.ajaxLogin()',NULL,'127.0.0.1','2019-01-17 17:29:20'),(1110,1,'admin','请求访问主页',16,'com.xzbd.system.controller.LoginController.index()',NULL,'127.0.0.1','2019-01-17 17:29:20'),(1111,1,'admin','登录',78,'com.xzbd.system.controller.LoginController.ajaxLogin()',NULL,'127.0.0.1','2019-01-17 18:24:22'),(1112,1,'admin','请求访问主页',113,'com.xzbd.system.controller.LoginController.index()',NULL,'127.0.0.1','2019-01-17 18:24:23'),(1113,1,'admin','error',NULL,'http://localhost:8099/mail/biEmailJobConfig/update','org.mybatis.spring.MyBatisSystemException: nested exception is org.apache.ibatis.binding.BindingException: Parameter \'array\' not found. Available parameters are [collection, list]',NULL,'2019-01-17 18:24:39'),(1114,1,'admin','登录',71,'com.xzbd.system.controller.LoginController.ajaxLogin()',NULL,'127.0.0.1','2019-01-17 18:27:38'),(1115,1,'admin','请求访问主页',134,'com.xzbd.system.controller.LoginController.index()',NULL,'127.0.0.1','2019-01-17 18:27:38'),(1116,1,'admin','error',NULL,'http://localhost:8099/mail/biEmailJobConfig/update','org.springframework.jdbc.BadSqlGrammarException: \r\n### Error updating database.  Cause: java.sql.SQLException: Column count doesn\'t match value count at row 1\r\n### The error may involve com.xzbd.mail.dao.BiEmailContentConfigDao.batchInsert-Inline\r\n### The error occurred while setting parameters\r\n### SQL: insert into bi_email_content_config   (   `email_job_id`,   `content_id`,   `type`,   `del`,   `create_time`,   `create_man`,   `memo_1`,   `memo_2`,   `memo_3`   )   values    (      (    ?,    ?,    ?,    ?,    ?,    ?,    ?,    ?,    ?    )    ,     (    ?,    ?,    ?,    ?,    ?,    ?,    ?,    ?,    ?    )    )\r\n### Cause: java.sql.SQLException: Column count doesn\'t match value count at row 1\n; bad SQL grammar []; nested exception is java.sql.SQLException: Column count doesn\'t match value count at row 1',NULL,'2019-01-17 18:28:30'),(1117,1,'admin','登录',78,'com.xzbd.system.controller.LoginController.ajaxLogin()',NULL,'127.0.0.1','2019-01-17 18:31:48'),(1118,1,'admin','请求访问主页',157,'com.xzbd.system.controller.LoginController.index()',NULL,'127.0.0.1','2019-01-17 18:31:48'),(1119,1,'admin','请求访问主页',10,'com.xzbd.system.controller.LoginController.index()',NULL,'127.0.0.1','2019-01-17 18:32:41'),(1120,1,'admin','登录',152,'com.xzbd.system.controller.LoginController.ajaxLogin()',NULL,'127.0.0.1','2019-01-17 18:39:51'),(1121,1,'admin','请求访问主页',99,'com.xzbd.system.controller.LoginController.index()',NULL,'127.0.0.1','2019-01-17 18:39:51'),(1122,1,'admin','登录',6,'com.xzbd.system.controller.LoginController.ajaxLogin()',NULL,'127.0.0.1','2019-01-17 18:40:11'),(1123,1,'admin','请求访问主页',12,'com.xzbd.system.controller.LoginController.index()',NULL,'127.0.0.1','2019-01-17 18:40:11'),(1124,1,'admin','登录',60,'com.xzbd.system.controller.LoginController.ajaxLogin()',NULL,'127.0.0.1','2019-01-17 18:47:28'),(1125,1,'admin','请求访问主页',105,'com.xzbd.system.controller.LoginController.index()',NULL,'127.0.0.1','2019-01-17 18:47:28'),(1126,1,'admin','登录',72,'com.xzbd.system.controller.LoginController.ajaxLogin()',NULL,'127.0.0.1','2019-01-17 18:51:36'),(1127,1,'admin','请求访问主页',502,'com.xzbd.system.controller.LoginController.index()',NULL,'127.0.0.1','2019-01-17 18:51:37'),(1128,1,'admin','登录',106,'com.xzbd.system.controller.LoginController.ajaxLogin()',NULL,'127.0.0.1','2019-01-17 19:13:48'),(1129,1,'admin','请求访问主页',289,'com.xzbd.system.controller.LoginController.index()',NULL,'127.0.0.1','2019-01-17 19:13:49'),(1130,1,'admin','登录',7,'com.xzbd.system.controller.LoginController.ajaxLogin()',NULL,'127.0.0.1','2019-01-17 19:15:54'),(1131,1,'admin','请求访问主页',14,'com.xzbd.system.controller.LoginController.index()',NULL,'127.0.0.1','2019-01-17 19:15:54'),(1132,1,'admin','登录',67,'com.xzbd.system.controller.LoginController.ajaxLogin()',NULL,'127.0.0.1','2019-01-18 09:54:41'),(1133,1,'admin','请求访问主页',279,'com.xzbd.system.controller.LoginController.index()',NULL,'127.0.0.1','2019-01-18 09:54:41'),(1134,1,'admin','登录',127,'com.xzbd.system.controller.LoginController.ajaxLogin()',NULL,'127.0.0.1','2019-01-18 09:58:47'),(1135,1,'admin','请求访问主页',137,'com.xzbd.system.controller.LoginController.index()',NULL,'127.0.0.1','2019-01-18 09:58:47'),(1136,1,'admin','登录',110,'com.xzbd.system.controller.LoginController.ajaxLogin()',NULL,'127.0.0.1','2019-01-18 09:59:52'),(1137,1,'admin','请求访问主页',176,'com.xzbd.system.controller.LoginController.index()',NULL,'127.0.0.1','2019-01-18 09:59:52'),(1138,1,'admin','登录',8,'com.xzbd.system.controller.LoginController.ajaxLogin()',NULL,'127.0.0.1','2019-01-18 10:00:17'),(1139,1,'admin','请求访问主页',10,'com.xzbd.system.controller.LoginController.index()',NULL,'127.0.0.1','2019-01-18 10:00:17'),(1140,1,'admin','请求访问主页',36,'com.xzbd.system.controller.LoginController.index()',NULL,'127.0.0.1','2019-01-18 10:29:41'),(1141,1,'admin','登录',7,'com.xzbd.system.controller.LoginController.ajaxLogin()',NULL,'127.0.0.1','2019-01-18 10:30:01'),(1142,1,'admin','请求访问主页',13,'com.xzbd.system.controller.LoginController.index()',NULL,'127.0.0.1','2019-01-18 10:30:01'),(1143,1,'admin','登录',91,'com.xzbd.system.controller.LoginController.ajaxLogin()',NULL,'127.0.0.1','2019-01-18 10:31:37'),(1144,1,'admin','请求访问主页',143,'com.xzbd.system.controller.LoginController.index()',NULL,'127.0.0.1','2019-01-18 10:31:37'),(1145,1,'admin','请求访问主页',18,'com.xzbd.system.controller.LoginController.index()',NULL,'127.0.0.1','2019-01-18 10:36:59'),(1146,1,'admin','登录',104,'com.xzbd.system.controller.LoginController.ajaxLogin()',NULL,'127.0.0.1','2019-01-18 10:40:52'),(1147,1,'admin','请求访问主页',145,'com.xzbd.system.controller.LoginController.index()',NULL,'127.0.0.1','2019-01-18 10:40:52'),(1148,1,'admin','登录',5,'com.xzbd.system.controller.LoginController.ajaxLogin()',NULL,'127.0.0.1','2019-01-18 10:42:49'),(1149,1,'admin','请求访问主页',14,'com.xzbd.system.controller.LoginController.index()',NULL,'127.0.0.1','2019-01-18 10:42:49'),(1150,1,'admin','请求访问主页',59,'com.xzbd.system.controller.LoginController.index()',NULL,'127.0.0.1','2019-01-18 10:54:59'),(1151,1,'admin','登录',89,'com.xzbd.system.controller.LoginController.ajaxLogin()',NULL,'127.0.0.1','2019-01-18 10:58:42'),(1152,1,'admin','请求访问主页',121,'com.xzbd.system.controller.LoginController.index()',NULL,'127.0.0.1','2019-01-18 10:58:42'),(1153,1,'admin','登录',95,'com.xzbd.system.controller.LoginController.ajaxLogin()',NULL,'127.0.0.1','2019-01-18 11:58:56'),(1154,1,'admin','请求访问主页',96,'com.xzbd.system.controller.LoginController.index()',NULL,'127.0.0.1','2019-01-18 11:58:56'),(1155,1,'admin','登录',67,'com.xzbd.system.controller.LoginController.ajaxLogin()',NULL,'127.0.0.1','2019-01-18 16:17:31'),(1156,1,'admin','请求访问主页',110,'com.xzbd.system.controller.LoginController.index()',NULL,'127.0.0.1','2019-01-18 16:17:32'),(1157,1,'admin','登录',111,'com.xzbd.system.controller.LoginController.ajaxLogin()',NULL,'127.0.0.1','2019-01-18 17:48:38'),(1158,1,'admin','请求访问主页',134,'com.xzbd.system.controller.LoginController.index()',NULL,'127.0.0.1','2019-01-18 17:48:38'),(1159,1,'admin','登录',72,'com.xzbd.system.controller.LoginController.ajaxLogin()',NULL,'127.0.0.1','2019-01-18 17:54:38'),(1160,1,'admin','请求访问主页',138,'com.xzbd.system.controller.LoginController.index()',NULL,'127.0.0.1','2019-01-18 17:54:39'),(1161,1,'admin','请求访问主页',14,'com.xzbd.system.controller.LoginController.index()',NULL,'127.0.0.1','2019-01-18 17:56:44'),(1162,1,'admin','登录',139,'com.xzbd.system.controller.LoginController.ajaxLogin()',NULL,'127.0.0.1','2019-01-18 18:02:45'),(1163,1,'admin','请求访问主页',127,'com.xzbd.system.controller.LoginController.index()',NULL,'127.0.0.1','2019-01-18 18:02:46'),(1164,1,'admin','登录',72,'com.xzbd.system.controller.LoginController.ajaxLogin()',NULL,'127.0.0.1','2019-01-18 18:06:20'),(1165,1,'admin','请求访问主页',118,'com.xzbd.system.controller.LoginController.index()',NULL,'127.0.0.1','2019-01-18 18:06:20'),(1166,1,'admin','登录',47,'com.xzbd.system.controller.LoginController.ajaxLogin()',NULL,'127.0.0.1','2019-01-18 18:09:22'),(1167,1,'admin','请求访问主页',103,'com.xzbd.system.controller.LoginController.index()',NULL,'127.0.0.1','2019-01-18 18:09:22'),(1168,1,'admin','登录',87,'com.xzbd.system.controller.LoginController.ajaxLogin()',NULL,'127.0.0.1','2019-01-18 18:12:18'),(1169,1,'admin','请求访问主页',127,'com.xzbd.system.controller.LoginController.index()',NULL,'127.0.0.1','2019-01-18 18:12:19'),(1170,1,'admin','登录',70,'com.xzbd.system.controller.LoginController.ajaxLogin()',NULL,'127.0.0.1','2019-01-18 18:20:01'),(1171,1,'admin','请求访问主页',119,'com.xzbd.system.controller.LoginController.index()',NULL,'127.0.0.1','2019-01-18 18:20:02'),(1172,1,'admin','登录',66,'com.xzbd.system.controller.LoginController.ajaxLogin()',NULL,'127.0.0.1','2019-01-18 18:23:10'),(1173,1,'admin','请求访问主页',104,'com.xzbd.system.controller.LoginController.index()',NULL,'127.0.0.1','2019-01-18 18:23:10'),(1174,1,'admin','登录',195,'com.xzbd.system.controller.LoginController.ajaxLogin()',NULL,'127.0.0.1','2019-01-21 11:25:38'),(1175,1,'admin','请求访问主页',590,'com.xzbd.system.controller.LoginController.index()',NULL,'127.0.0.1','2019-01-21 11:25:39'),(1176,1,'admin','登录',75,'com.xzbd.system.controller.LoginController.ajaxLogin()',NULL,'127.0.0.1','2019-01-21 15:22:34'),(1177,1,'admin','请求访问主页',119,'com.xzbd.system.controller.LoginController.index()',NULL,'127.0.0.1','2019-01-21 15:22:34'),(1178,1,'admin','登录',6,'com.xzbd.system.controller.LoginController.ajaxLogin()',NULL,'127.0.0.1','2019-01-21 15:27:15'),(1179,1,'admin','请求访问主页',31,'com.xzbd.system.controller.LoginController.index()',NULL,'127.0.0.1','2019-01-21 15:27:15'),(1180,1,'admin','登录',104,'com.xzbd.system.controller.LoginController.ajaxLogin()',NULL,'127.0.0.1','2019-01-21 15:43:58'),(1181,1,'admin','请求访问主页',139,'com.xzbd.system.controller.LoginController.index()',NULL,'127.0.0.1','2019-01-21 15:43:58'),(1182,1,'admin','登录',80,'com.xzbd.system.controller.LoginController.ajaxLogin()',NULL,'127.0.0.1','2019-01-21 15:46:00'),(1183,1,'admin','请求访问主页',145,'com.xzbd.system.controller.LoginController.index()',NULL,'127.0.0.1','2019-01-21 15:46:00'),(1184,1,'admin','登录',57,'com.xzbd.system.controller.LoginController.ajaxLogin()',NULL,'127.0.0.1','2019-01-21 15:50:15'),(1185,1,'admin','请求访问主页',153,'com.xzbd.system.controller.LoginController.index()',NULL,'127.0.0.1','2019-01-21 15:50:15'),(1186,1,'admin','error',NULL,'http://localhost:8099/mail/biEmailJobConfig/sendByManual','org.springframework.web.util.NestedServletException: Handler dispatch failed; nested exception is java.lang.AssertionError: 抄送人不能为空',NULL,'2019-01-21 15:50:29'),(1187,1,'admin','登录',74,'com.xzbd.system.controller.LoginController.ajaxLogin()',NULL,'127.0.0.1','2019-01-21 15:55:53'),(1188,1,'admin','请求访问主页',121,'com.xzbd.system.controller.LoginController.index()',NULL,'127.0.0.1','2019-01-21 15:55:54'),(1189,1,'admin','登录',99,'com.xzbd.system.controller.LoginController.ajaxLogin()',NULL,'127.0.0.1','2019-01-21 15:59:41'),(1190,1,'admin','请求访问主页',131,'com.xzbd.system.controller.LoginController.index()',NULL,'127.0.0.1','2019-01-21 15:59:41'),(1191,1,'admin','登录',67,'com.xzbd.system.controller.LoginController.ajaxLogin()',NULL,'127.0.0.1','2019-01-21 16:02:13'),(1192,1,'admin','请求访问主页',113,'com.xzbd.system.controller.LoginController.index()',NULL,'127.0.0.1','2019-01-21 16:02:13'),(1193,1,'admin','登录',59,'com.xzbd.system.controller.LoginController.ajaxLogin()',NULL,'127.0.0.1','2019-01-21 16:26:46'),(1194,1,'admin','请求访问主页',162,'com.xzbd.system.controller.LoginController.index()',NULL,'127.0.0.1','2019-01-21 16:26:46'),(1195,1,'admin','登录',9,'com.xzbd.system.controller.LoginController.ajaxLogin()',NULL,'127.0.0.1','2019-01-21 16:32:07'),(1196,1,'admin','请求访问主页',12,'com.xzbd.system.controller.LoginController.index()',NULL,'127.0.0.1','2019-01-21 16:32:07'),(1197,1,'admin','登录',83,'com.xzbd.system.controller.LoginController.ajaxLogin()',NULL,'127.0.0.1','2019-01-21 16:36:50'),(1198,1,'admin','请求访问主页',133,'com.xzbd.system.controller.LoginController.index()',NULL,'127.0.0.1','2019-01-21 16:36:50'),(1199,1,'admin','请求访问主页',15,'com.xzbd.system.controller.LoginController.index()',NULL,'127.0.0.1','2019-01-21 16:37:10'),(1200,1,'admin','登录',12,'com.xzbd.system.controller.LoginController.ajaxLogin()',NULL,'127.0.0.1','2019-01-21 16:37:10'),(1201,1,'admin','请求访问主页',29,'com.xzbd.system.controller.LoginController.index()',NULL,'127.0.0.1','2019-01-21 16:38:27'),(1202,1,'admin','登录',61,'com.xzbd.system.controller.LoginController.ajaxLogin()',NULL,'127.0.0.1','2019-01-21 16:42:49'),(1203,1,'admin','请求访问主页',125,'com.xzbd.system.controller.LoginController.index()',NULL,'127.0.0.1','2019-01-21 16:42:49'),(1204,1,'admin','登录',52,'com.xzbd.system.controller.LoginController.ajaxLogin()',NULL,'127.0.0.1','2019-01-21 17:27:16'),(1205,1,'admin','请求访问主页',107,'com.xzbd.system.controller.LoginController.index()',NULL,'127.0.0.1','2019-01-21 17:27:17'),(1206,1,'admin','登录',80,'com.xzbd.system.controller.LoginController.ajaxLogin()',NULL,'127.0.0.1','2019-01-21 17:30:20'),(1207,1,'admin','请求访问主页',119,'com.xzbd.system.controller.LoginController.index()',NULL,'127.0.0.1','2019-01-21 17:30:20'),(1208,1,'admin','登录',54,'com.xzbd.system.controller.LoginController.ajaxLogin()',NULL,'127.0.0.1','2019-01-21 17:38:05'),(1209,1,'admin','请求访问主页',138,'com.xzbd.system.controller.LoginController.index()',NULL,'127.0.0.1','2019-01-21 17:38:05'),(1210,1,'admin','登录',73,'com.xzbd.system.controller.LoginController.ajaxLogin()',NULL,'127.0.0.1','2019-01-21 17:41:51'),(1211,1,'admin','请求访问主页',121,'com.xzbd.system.controller.LoginController.index()',NULL,'127.0.0.1','2019-01-21 17:41:51'),(1212,1,'admin','登录',68,'com.xzbd.system.controller.LoginController.ajaxLogin()',NULL,'127.0.0.1','2019-01-21 17:43:39'),(1213,1,'admin','请求访问主页',102,'com.xzbd.system.controller.LoginController.index()',NULL,'127.0.0.1','2019-01-21 17:43:39'),(1214,1,'admin','登录',63,'com.xzbd.system.controller.LoginController.ajaxLogin()',NULL,'127.0.0.1','2019-01-21 17:46:40'),(1215,1,'admin','请求访问主页',101,'com.xzbd.system.controller.LoginController.index()',NULL,'127.0.0.1','2019-01-21 17:46:40'),(1216,1,'admin','登录',83,'com.xzbd.system.controller.LoginController.ajaxLogin()',NULL,'127.0.0.1','2019-01-21 17:49:16'),(1217,1,'admin','请求访问主页',155,'com.xzbd.system.controller.LoginController.index()',NULL,'127.0.0.1','2019-01-21 17:49:17'),(1218,1,'admin','登录',61,'com.xzbd.system.controller.LoginController.ajaxLogin()',NULL,'127.0.0.1','2019-01-21 17:50:48'),(1219,1,'admin','请求访问主页',118,'com.xzbd.system.controller.LoginController.index()',NULL,'127.0.0.1','2019-01-21 17:50:48'),(1220,1,'admin','登录',60,'com.xzbd.system.controller.LoginController.ajaxLogin()',NULL,'127.0.0.1','2019-01-21 17:56:56'),(1221,1,'admin','请求访问主页',103,'com.xzbd.system.controller.LoginController.index()',NULL,'127.0.0.1','2019-01-21 17:56:56'),(1222,1,'admin','登录',55,'com.xzbd.system.controller.LoginController.ajaxLogin()',NULL,'127.0.0.1','2019-01-21 17:58:18'),(1223,1,'admin','请求访问主页',123,'com.xzbd.system.controller.LoginController.index()',NULL,'127.0.0.1','2019-01-21 17:58:19'),(1224,1,'admin','登录',75,'com.xzbd.system.controller.LoginController.ajaxLogin()',NULL,'127.0.0.1','2019-01-21 18:03:40'),(1225,1,'admin','请求访问主页',129,'com.xzbd.system.controller.LoginController.index()',NULL,'127.0.0.1','2019-01-21 18:03:40'),(1226,1,'admin','登录',62,'com.xzbd.system.controller.LoginController.ajaxLogin()',NULL,'127.0.0.1','2019-01-21 18:09:36'),(1227,1,'admin','请求访问主页',124,'com.xzbd.system.controller.LoginController.index()',NULL,'127.0.0.1','2019-01-21 18:09:37'),(1228,1,'admin','编辑角色',4,'com.xzbd.system.controller.RoleController.edit()',NULL,'127.0.0.1','2019-01-21 18:11:18'),(1229,1,'admin','更新角色',335,'com.xzbd.system.controller.RoleController.update()',NULL,'127.0.0.1','2019-01-21 18:11:30'),(1230,1,'admin','请求访问主页',13,'com.xzbd.system.controller.LoginController.index()',NULL,'127.0.0.1','2019-01-21 18:11:34'),(1231,1,'admin','登录',5,'com.xzbd.system.controller.LoginController.ajaxLogin()',NULL,'127.0.0.1','2019-01-21 18:12:29'),(1232,1,'admin','请求访问主页',11,'com.xzbd.system.controller.LoginController.index()',NULL,'127.0.0.1','2019-01-21 18:12:29'),(1233,1,'admin','编辑角色',3,'com.xzbd.system.controller.RoleController.edit()',NULL,'127.0.0.1','2019-01-21 18:16:56'),(1234,1,'admin','更新角色',323,'com.xzbd.system.controller.RoleController.update()',NULL,'127.0.0.1','2019-01-21 18:17:11'),(1235,1,'admin','登录',4,'com.xzbd.system.controller.LoginController.ajaxLogin()',NULL,'127.0.0.1','2019-01-21 18:17:13'),(1236,1,'admin','请求访问主页',7,'com.xzbd.system.controller.LoginController.index()',NULL,'127.0.0.1','2019-01-21 18:17:13'),(1237,1,'admin','登录',65,'com.xzbd.system.controller.LoginController.ajaxLogin()',NULL,'127.0.0.1','2019-01-21 18:23:26'),(1238,1,'admin','请求访问主页',117,'com.xzbd.system.controller.LoginController.index()',NULL,'127.0.0.1','2019-01-21 18:23:26'),(1239,1,'admin','登录',59,'com.xzbd.system.controller.LoginController.ajaxLogin()',NULL,'127.0.0.1','2019-01-21 18:27:52'),(1240,1,'admin','请求访问主页',115,'com.xzbd.system.controller.LoginController.index()',NULL,'127.0.0.1','2019-01-21 18:27:52'),(1241,1,'admin','登录',55,'com.xzbd.system.controller.LoginController.ajaxLogin()',NULL,'127.0.0.1','2019-01-21 18:33:07'),(1242,1,'admin','请求访问主页',117,'com.xzbd.system.controller.LoginController.index()',NULL,'127.0.0.1','2019-01-21 18:33:07'),(1243,1,'admin','登录',65,'com.xzbd.system.controller.LoginController.ajaxLogin()',NULL,'127.0.0.1','2019-01-21 18:48:26'),(1244,1,'admin','请求访问主页',142,'com.xzbd.system.controller.LoginController.index()',NULL,'127.0.0.1','2019-01-21 18:48:26'),(1245,1,'admin','登录',89,'com.xzbd.system.controller.LoginController.ajaxLogin()',NULL,'127.0.0.1','2019-01-21 19:05:09'),(1246,1,'admin','请求访问主页',144,'com.xzbd.system.controller.LoginController.index()',NULL,'127.0.0.1','2019-01-21 19:05:09'),(1247,1,'admin','登录',71,'com.xzbd.system.controller.LoginController.ajaxLogin()',NULL,'127.0.0.1','2019-01-21 19:11:42'),(1248,1,'admin','请求访问主页',147,'com.xzbd.system.controller.LoginController.index()',NULL,'127.0.0.1','2019-01-21 19:11:42'),(1249,1,'admin','登录',156,'com.xzbd.system.controller.LoginController.ajaxLogin()',NULL,'127.0.0.1','2019-01-22 09:49:56'),(1250,1,'admin','请求访问主页',225,'com.xzbd.system.controller.LoginController.index()',NULL,'127.0.0.1','2019-01-22 09:49:57'),(1251,1,'admin','登录',70,'com.xzbd.system.controller.LoginController.ajaxLogin()',NULL,'127.0.0.1','2019-01-22 09:58:35'),(1252,1,'admin','请求访问主页',97,'com.xzbd.system.controller.LoginController.index()',NULL,'127.0.0.1','2019-01-22 09:58:35'),(1253,1,'admin','登录',26,'com.xzbd.system.controller.LoginController.ajaxLogin()',NULL,'127.0.0.1','2019-01-22 10:45:54'),(1254,1,'admin','请求访问主页',126,'com.xzbd.system.controller.LoginController.index()',NULL,'127.0.0.1','2019-01-22 10:45:55'),(1255,1,'admin','登录',32,'com.xzbd.system.controller.LoginController.ajaxLogin()',NULL,'127.0.0.1','2019-01-22 11:05:34'),(1256,1,'admin','请求访问主页',128,'com.xzbd.system.controller.LoginController.index()',NULL,'127.0.0.1','2019-01-22 11:05:35'),(1257,1,'admin','登录',32,'com.xzbd.system.controller.LoginController.ajaxLogin()',NULL,'127.0.0.1','2019-01-22 11:09:25'),(1258,1,'admin','请求访问主页',147,'com.xzbd.system.controller.LoginController.index()',NULL,'127.0.0.1','2019-01-22 11:09:25'),(1259,1,'admin','请求访问主页',12,'com.xzbd.system.controller.LoginController.index()',NULL,'127.0.0.1','2019-01-22 11:10:40'),(1260,1,'admin','登录',28,'com.xzbd.system.controller.LoginController.ajaxLogin()',NULL,'127.0.0.1','2019-01-22 11:46:04'),(1261,1,'admin','请求访问主页',18,'com.xzbd.system.controller.LoginController.index()',NULL,'127.0.0.1','2019-01-22 11:46:04'),(1262,1,'admin','登录',57,'com.xzbd.system.controller.LoginController.ajaxLogin()',NULL,'127.0.0.1','2019-01-22 11:55:29'),(1263,1,'admin','请求访问主页',133,'com.xzbd.system.controller.LoginController.index()',NULL,'127.0.0.1','2019-01-22 11:55:29'),(1264,1,'admin','请求访问主页',16,'com.xzbd.system.controller.LoginController.index()',NULL,'127.0.0.1','2019-01-22 11:55:47'),(1265,1,'admin','登录',5,'com.xzbd.system.controller.LoginController.ajaxLogin()',NULL,'127.0.0.1','2019-01-22 11:55:47'),(1266,1,'admin','登录',26,'com.xzbd.system.controller.LoginController.ajaxLogin()',NULL,'127.0.0.1','2019-01-22 11:56:43'),(1267,1,'admin','请求访问主页',105,'com.xzbd.system.controller.LoginController.index()',NULL,'127.0.0.1','2019-01-22 11:56:43'),(1268,1,'admin','登录',8,'com.xzbd.system.controller.LoginController.ajaxLogin()',NULL,'127.0.0.1','2019-01-22 12:48:38'),(1269,1,'admin','请求访问主页',11,'com.xzbd.system.controller.LoginController.index()',NULL,'127.0.0.1','2019-01-22 12:48:38'),(1270,1,'admin','登录',29,'com.xzbd.system.controller.LoginController.ajaxLogin()',NULL,'127.0.0.1','2019-01-22 13:08:15'),(1271,1,'admin','请求访问主页',163,'com.xzbd.system.controller.LoginController.index()',NULL,'127.0.0.1','2019-01-22 13:08:15'),(1272,1,'admin','登录',26,'com.xzbd.system.controller.LoginController.ajaxLogin()',NULL,'127.0.0.1','2019-01-22 13:10:49'),(1273,1,'admin','请求访问主页',146,'com.xzbd.system.controller.LoginController.index()',NULL,'127.0.0.1','2019-01-22 13:10:50'),(1274,1,'admin','登录',5,'com.xzbd.system.controller.LoginController.ajaxLogin()',NULL,'192.168.2.251','2019-01-22 13:13:42'),(1275,1,'admin','请求访问主页',16,'com.xzbd.system.controller.LoginController.index()',NULL,'192.168.2.251','2019-01-22 13:13:42'),(1276,1,'admin','添加菜单',56,'com.xzbd.system.controller.MenuController.add()',NULL,'127.0.0.1','2019-01-22 13:50:49'),(1277,1,'admin','保存菜单',121,'com.xzbd.system.controller.MenuController.save()',NULL,'127.0.0.1','2019-01-22 13:51:03'),(1278,1,'admin','编辑角色',4,'com.xzbd.system.controller.RoleController.edit()',NULL,'127.0.0.1','2019-01-22 13:51:25'),(1279,1,'admin','更新角色',262,'com.xzbd.system.controller.RoleController.update()',NULL,'127.0.0.1','2019-01-22 13:51:31'),(1280,1,'admin','登录',7,'com.xzbd.system.controller.LoginController.ajaxLogin()',NULL,'127.0.0.1','2019-01-22 13:51:35'),(1281,1,'admin','请求访问主页',10,'com.xzbd.system.controller.LoginController.index()',NULL,'127.0.0.1','2019-01-22 13:51:35'),(1282,1,'admin','登录',25,'com.xzbd.system.controller.LoginController.ajaxLogin()',NULL,'127.0.0.1','2019-01-22 13:53:19'),(1283,1,'admin','请求访问主页',121,'com.xzbd.system.controller.LoginController.index()',NULL,'127.0.0.1','2019-01-22 13:53:20'),(1284,1,'admin','请求访问主页',16,'com.xzbd.system.controller.LoginController.index()',NULL,'127.0.0.1','2019-01-22 13:53:41'),(1285,1,'admin','登录',27,'com.xzbd.system.controller.LoginController.ajaxLogin()',NULL,'127.0.0.1','2019-01-22 13:55:58'),(1286,1,'admin','请求访问主页',110,'com.xzbd.system.controller.LoginController.index()',NULL,'127.0.0.1','2019-01-22 13:55:58'),(1287,1,'admin','登录',29,'com.xzbd.system.controller.LoginController.ajaxLogin()',NULL,'127.0.0.1','2019-01-22 13:58:27'),(1288,1,'admin','请求访问主页',137,'com.xzbd.system.controller.LoginController.index()',NULL,'127.0.0.1','2019-01-22 13:58:28'),(1289,1,'admin','登录',24,'com.xzbd.system.controller.LoginController.ajaxLogin()',NULL,'127.0.0.1','2019-01-22 14:02:47'),(1290,1,'admin','请求访问主页',104,'com.xzbd.system.controller.LoginController.index()',NULL,'127.0.0.1','2019-01-22 14:02:47'),(1291,1,'admin','登录',26,'com.xzbd.system.controller.LoginController.ajaxLogin()',NULL,'127.0.0.1','2019-01-22 14:12:14'),(1292,1,'admin','请求访问主页',107,'com.xzbd.system.controller.LoginController.index()',NULL,'127.0.0.1','2019-01-22 14:12:14'),(1293,1,'admin','登录',5,'com.xzbd.system.controller.LoginController.ajaxLogin()',NULL,'127.0.0.1','2019-01-22 14:13:08'),(1294,1,'admin','请求访问主页',18,'com.xzbd.system.controller.LoginController.index()',NULL,'127.0.0.1','2019-01-22 14:13:08'),(1295,1,'admin','登录',31,'com.xzbd.system.controller.LoginController.ajaxLogin()',NULL,'127.0.0.1','2019-01-22 14:16:38'),(1296,1,'admin','请求访问主页',107,'com.xzbd.system.controller.LoginController.index()',NULL,'127.0.0.1','2019-01-22 14:16:39'),(1297,1,'admin','登录',8,'com.xzbd.system.controller.LoginController.ajaxLogin()',NULL,'127.0.0.1','2019-01-22 14:18:00'),(1298,1,'admin','请求访问主页',15,'com.xzbd.system.controller.LoginController.index()',NULL,'127.0.0.1','2019-01-22 14:18:01'),(1299,1,'admin','登录',29,'com.xzbd.system.controller.LoginController.ajaxLogin()',NULL,'127.0.0.1','2019-01-22 14:23:39'),(1300,1,'admin','请求访问主页',145,'com.xzbd.system.controller.LoginController.index()',NULL,'127.0.0.1','2019-01-22 14:23:39'),(1301,1,'admin','请求访问主页',15,'com.xzbd.system.controller.LoginController.index()',NULL,'127.0.0.1','2019-01-22 14:27:00'),(1302,1,'admin','请求访问主页',13,'com.xzbd.system.controller.LoginController.index()',NULL,'127.0.0.1','2019-01-22 14:28:03'),(1303,1,'admin','登录',29,'com.xzbd.system.controller.LoginController.ajaxLogin()',NULL,'127.0.0.1','2019-01-22 14:29:47'),(1304,1,'admin','请求访问主页',146,'com.xzbd.system.controller.LoginController.index()',NULL,'127.0.0.1','2019-01-22 14:29:47'),(1305,1,'admin','登录',31,'com.xzbd.system.controller.LoginController.ajaxLogin()',NULL,'127.0.0.1','2019-01-22 14:52:06'),(1306,1,'admin','请求访问主页',148,'com.xzbd.system.controller.LoginController.index()',NULL,'127.0.0.1','2019-01-22 14:52:06'),(1307,1,'admin','请求访问主页',15,'com.xzbd.system.controller.LoginController.index()',NULL,'127.0.0.1','2019-01-22 14:52:47'),(1308,1,'admin','登录',41,'com.xzbd.system.controller.LoginController.ajaxLogin()',NULL,'127.0.0.1','2019-01-22 14:53:41'),(1309,1,'admin','请求访问主页',132,'com.xzbd.system.controller.LoginController.index()',NULL,'127.0.0.1','2019-01-22 14:53:41'),(1310,1,'admin','登录',22,'com.xzbd.system.controller.LoginController.ajaxLogin()',NULL,'127.0.0.1','2019-01-22 14:59:43'),(1311,1,'admin','请求访问主页',140,'com.xzbd.system.controller.LoginController.index()',NULL,'127.0.0.1','2019-01-22 14:59:43'),(1312,1,'admin','登录',21,'com.xzbd.system.controller.LoginController.ajaxLogin()',NULL,'127.0.0.1','2019-01-22 15:01:05'),(1313,1,'admin','请求访问主页',94,'com.xzbd.system.controller.LoginController.index()',NULL,'127.0.0.1','2019-01-22 15:01:05'),(1314,1,'admin','登录',31,'com.xzbd.system.controller.LoginController.ajaxLogin()',NULL,'127.0.0.1','2019-01-22 15:03:24'),(1315,1,'admin','请求访问主页',116,'com.xzbd.system.controller.LoginController.index()',NULL,'127.0.0.1','2019-01-22 15:03:24'),(1316,1,'admin','登录',26,'com.xzbd.system.controller.LoginController.ajaxLogin()',NULL,'127.0.0.1','2019-01-22 15:09:20'),(1317,1,'admin','请求访问主页',118,'com.xzbd.system.controller.LoginController.index()',NULL,'127.0.0.1','2019-01-22 15:09:20'),(1318,1,'admin','登录',30,'com.xzbd.system.controller.LoginController.ajaxLogin()',NULL,'127.0.0.1','2019-01-22 15:13:41'),(1319,1,'admin','请求访问主页',134,'com.xzbd.system.controller.LoginController.index()',NULL,'127.0.0.1','2019-01-22 15:13:41'),(1320,1,'admin','登录',30,'com.xzbd.system.controller.LoginController.ajaxLogin()',NULL,'127.0.0.1','2019-01-22 15:17:37'),(1321,1,'admin','请求访问主页',117,'com.xzbd.system.controller.LoginController.index()',NULL,'127.0.0.1','2019-01-22 15:17:38'),(1322,1,'admin','登录',6,'com.xzbd.system.controller.LoginController.ajaxLogin()',NULL,'127.0.0.1','2019-01-22 15:17:54'),(1323,1,'admin','请求访问主页',11,'com.xzbd.system.controller.LoginController.index()',NULL,'127.0.0.1','2019-01-22 15:17:54'),(1324,1,'admin','error',NULL,'http://localhost:8099/mail/biEmailJobRunDiary/list','org.mybatis.spring.MyBatisSystemException: nested exception is org.apache.ibatis.type.TypeException: Could not set parameters for mapping: ParameterMapping{property=\'offset\', mode=IN, javaType=int, jdbcType=null, numericScale=null, resultMapId=\'null\', jdbcTypeName=\'null\', expression=\'null\'}. Cause: org.apache.ibatis.type.TypeException: Error setting non null for parameter #3 with JdbcType null . Try setting a different JdbcType for this parameter or a different configuration property. Cause: java.sql.SQLException: Parameter index out of range (3 > number of parameters, which is 2).',NULL,'2019-01-22 15:19:47'),(1325,1,'admin','登录',25,'com.xzbd.system.controller.LoginController.ajaxLogin()',NULL,'127.0.0.1','2019-01-22 15:21:58'),(1326,1,'admin','请求访问主页',119,'com.xzbd.system.controller.LoginController.index()',NULL,'127.0.0.1','2019-01-22 15:21:58'),(1327,1,'admin','登录',83,'com.xzbd.system.controller.LoginController.ajaxLogin()',NULL,'127.0.0.1','2019-01-22 15:24:45'),(1328,1,'admin','请求访问主页',249,'com.xzbd.system.controller.LoginController.index()',NULL,'127.0.0.1','2019-01-22 15:24:45'),(1329,1,'admin','登录',30,'com.xzbd.system.controller.LoginController.ajaxLogin()',NULL,'127.0.0.1','2019-01-22 15:26:51'),(1330,1,'admin','请求访问主页',103,'com.xzbd.system.controller.LoginController.index()',NULL,'127.0.0.1','2019-01-22 15:26:52'),(1331,1,'admin','登录',35,'com.xzbd.system.controller.LoginController.ajaxLogin()',NULL,'127.0.0.1','2019-01-22 15:29:08'),(1332,1,'admin','请求访问主页',162,'com.xzbd.system.controller.LoginController.index()',NULL,'127.0.0.1','2019-01-22 15:29:08'),(1333,1,'admin','请求访问主页',9,'com.xzbd.system.controller.LoginController.index()',NULL,'127.0.0.1','2019-01-22 15:33:55'),(1334,1,'admin','登录',24,'com.xzbd.system.controller.LoginController.ajaxLogin()',NULL,'127.0.0.1','2019-01-22 15:35:30'),(1335,1,'admin','请求访问主页',94,'com.xzbd.system.controller.LoginController.index()',NULL,'127.0.0.1','2019-01-22 15:35:30'),(1336,1,'admin','登录',21,'com.xzbd.system.controller.LoginController.ajaxLogin()',NULL,'127.0.0.1','2019-01-22 15:39:36'),(1337,1,'admin','请求访问主页',110,'com.xzbd.system.controller.LoginController.index()',NULL,'127.0.0.1','2019-01-22 15:39:36'),(1338,1,'admin','登录',30,'com.xzbd.system.controller.LoginController.ajaxLogin()',NULL,'127.0.0.1','2019-01-22 15:45:19'),(1339,1,'admin','请求访问主页',87,'com.xzbd.system.controller.LoginController.index()',NULL,'127.0.0.1','2019-01-22 15:45:19'),(1340,1,'admin','登录',30,'com.xzbd.system.controller.LoginController.ajaxLogin()',NULL,'127.0.0.1','2019-01-22 15:47:11'),(1341,1,'admin','请求访问主页',106,'com.xzbd.system.controller.LoginController.index()',NULL,'127.0.0.1','2019-01-22 15:47:11'),(1342,1,'admin','编辑菜单',13,'com.xzbd.system.controller.MenuController.edit()',NULL,'127.0.0.1','2019-01-22 16:02:50'),(1343,1,'admin','更新菜单',73,'com.xzbd.system.controller.MenuController.update()',NULL,'127.0.0.1','2019-01-22 16:02:57'),(1344,1,'admin','登录',5,'com.xzbd.system.controller.LoginController.ajaxLogin()',NULL,'127.0.0.1','2019-01-22 16:03:03'),(1345,1,'admin','请求访问主页',16,'com.xzbd.system.controller.LoginController.index()',NULL,'127.0.0.1','2019-01-22 16:03:03'),(1346,1,'admin','登录',27,'com.xzbd.system.controller.LoginController.ajaxLogin()',NULL,'127.0.0.1','2019-01-22 16:03:41'),(1347,1,'admin','请求访问主页',138,'com.xzbd.system.controller.LoginController.index()',NULL,'127.0.0.1','2019-01-22 16:03:41'),(1348,1,'admin','登录',30,'com.xzbd.system.controller.LoginController.ajaxLogin()',NULL,'127.0.0.1','2019-01-22 16:09:21'),(1349,1,'admin','请求访问主页',149,'com.xzbd.system.controller.LoginController.index()',NULL,'127.0.0.1','2019-01-22 16:09:21'),(1350,1,'admin','登录',68,'com.xzbd.system.controller.LoginController.ajaxLogin()',NULL,'127.0.0.1','2019-01-22 16:11:23'),(1351,1,'admin','请求访问主页',118,'com.xzbd.system.controller.LoginController.index()',NULL,'127.0.0.1','2019-01-22 16:11:24'),(1352,1,'admin','error',NULL,'http://localhost:8099/mail/biEmailJobRunDiary/list','org.mybatis.spring.MyBatisSystemException: nested exception is org.apache.ibatis.type.TypeException: Could not set parameters for mapping: ParameterMapping{property=\'offset\', mode=IN, javaType=int, jdbcType=null, numericScale=null, resultMapId=\'null\', jdbcTypeName=\'null\', expression=\'null\'}. Cause: org.apache.ibatis.type.TypeException: Error setting non null for parameter #3 with JdbcType null . Try setting a different JdbcType for this parameter or a different configuration property. Cause: java.sql.SQLException: Parameter index out of range (3 > number of parameters, which is 2).',NULL,'2019-01-22 16:13:28'),(1353,1,'admin','error',NULL,'http://localhost:8099/mail/biEmailJobRunDiary/list','org.mybatis.spring.MyBatisSystemException: nested exception is org.apache.ibatis.type.TypeException: Could not set parameters for mapping: ParameterMapping{property=\'offset\', mode=IN, javaType=int, jdbcType=null, numericScale=null, resultMapId=\'null\', jdbcTypeName=\'null\', expression=\'null\'}. Cause: org.apache.ibatis.type.TypeException: Error setting non null for parameter #3 with JdbcType null . Try setting a different JdbcType for this parameter or a different configuration property. Cause: java.sql.SQLException: Parameter index out of range (3 > number of parameters, which is 2).',NULL,'2019-01-22 16:14:05'),(1354,1,'admin','登录',30,'com.xzbd.system.controller.LoginController.ajaxLogin()',NULL,'127.0.0.1','2019-01-22 16:16:57'),(1355,1,'admin','请求访问主页',108,'com.xzbd.system.controller.LoginController.index()',NULL,'127.0.0.1','2019-01-22 16:16:57'),(1356,1,'admin','error',NULL,'http://localhost:8099/mail/biEmailJobRunDiary/list','org.mybatis.spring.MyBatisSystemException: nested exception is org.apache.ibatis.type.TypeException: Could not set parameters for mapping: ParameterMapping{property=\'offset\', mode=IN, javaType=int, jdbcType=null, numericScale=null, resultMapId=\'null\', jdbcTypeName=\'null\', expression=\'null\'}. Cause: org.apache.ibatis.type.TypeException: Error setting non null for parameter #3 with JdbcType null . Try setting a different JdbcType for this parameter or a different configuration property. Cause: java.sql.SQLException: Parameter index out of range (3 > number of parameters, which is 2).',NULL,'2019-01-22 16:17:15'),(1357,1,'admin','error',NULL,'http://localhost:8099/mail/biEmailJobRunDiary/list','org.mybatis.spring.MyBatisSystemException: nested exception is org.apache.ibatis.type.TypeException: Could not set parameters for mapping: ParameterMapping{property=\'offset\', mode=IN, javaType=int, jdbcType=null, numericScale=null, resultMapId=\'null\', jdbcTypeName=\'null\', expression=\'null\'}. Cause: org.apache.ibatis.type.TypeException: Error setting non null for parameter #3 with JdbcType null . Try setting a different JdbcType for this parameter or a different configuration property. Cause: java.sql.SQLException: Parameter index out of range (3 > number of parameters, which is 2).',NULL,'2019-01-22 16:18:35'),(1358,1,'admin','登录',27,'com.xzbd.system.controller.LoginController.ajaxLogin()',NULL,'127.0.0.1','2019-01-22 16:28:06'),(1359,1,'admin','请求访问主页',90,'com.xzbd.system.controller.LoginController.index()',NULL,'127.0.0.1','2019-01-22 16:28:07'),(1360,1,'admin','error',NULL,'http://localhost:8099/mail/biEmailJobRunDiary/list','org.mybatis.spring.MyBatisSystemException: nested exception is org.apache.ibatis.type.TypeException: Could not set parameters for mapping: ParameterMapping{property=\'offset\', mode=IN, javaType=int, jdbcType=null, numericScale=null, resultMapId=\'null\', jdbcTypeName=\'null\', expression=\'null\'}. Cause: org.apache.ibatis.type.TypeException: Error setting non null for parameter #3 with JdbcType null . Try setting a different JdbcType for this parameter or a different configuration property. Cause: java.sql.SQLException: Parameter index out of range (3 > number of parameters, which is 2).',NULL,'2019-01-22 16:28:13'),(1361,1,'admin','登录',22,'com.xzbd.system.controller.LoginController.ajaxLogin()',NULL,'127.0.0.1','2019-01-22 16:34:40'),(1362,1,'admin','请求访问主页',85,'com.xzbd.system.controller.LoginController.index()',NULL,'127.0.0.1','2019-01-22 16:34:40'),(1363,1,'admin','error',NULL,'http://localhost:8099/mail/biEmailJobRunDiary/list','org.mybatis.spring.MyBatisSystemException: nested exception is org.apache.ibatis.type.TypeException: Could not set parameters for mapping: ParameterMapping{property=\'offset\', mode=IN, javaType=int, jdbcType=null, numericScale=null, resultMapId=\'null\', jdbcTypeName=\'null\', expression=\'null\'}. Cause: org.apache.ibatis.type.TypeException: Error setting non null for parameter #3 with JdbcType null . Try setting a different JdbcType for this parameter or a different configuration property. Cause: java.sql.SQLException: Parameter index out of range (3 > number of parameters, which is 2).',NULL,'2019-01-22 16:34:50'),(1364,1,'admin','error',NULL,'http://localhost:8099/mail/biEmailJobRunDiary/list','org.mybatis.spring.MyBatisSystemException: nested exception is org.apache.ibatis.type.TypeException: Could not set parameters for mapping: ParameterMapping{property=\'offset\', mode=IN, javaType=int, jdbcType=null, numericScale=null, resultMapId=\'null\', jdbcTypeName=\'null\', expression=\'null\'}. Cause: org.apache.ibatis.type.TypeException: Error setting non null for parameter #6 with JdbcType null . Try setting a different JdbcType for this parameter or a different configuration property. Cause: java.sql.SQLException: Parameter index out of range (6 > number of parameters, which is 5).',NULL,'2019-01-22 16:34:58'),(1365,1,'admin','error',NULL,'http://localhost:8099/mail/biEmailJobRunDiary/list','org.mybatis.spring.MyBatisSystemException: nested exception is org.apache.ibatis.type.TypeException: Could not set parameters for mapping: ParameterMapping{property=\'offset\', mode=IN, javaType=int, jdbcType=null, numericScale=null, resultMapId=\'null\', jdbcTypeName=\'null\', expression=\'null\'}. Cause: org.apache.ibatis.type.TypeException: Error setting non null for parameter #6 with JdbcType null . Try setting a different JdbcType for this parameter or a different configuration property. Cause: java.sql.SQLException: Parameter index out of range (6 > number of parameters, which is 5).',NULL,'2019-01-22 16:35:07'),(1366,1,'admin','error',NULL,'http://localhost:8099/mail/biEmailJobRunDiary/list','org.mybatis.spring.MyBatisSystemException: nested exception is org.apache.ibatis.type.TypeException: Could not set parameters for mapping: ParameterMapping{property=\'offset\', mode=IN, javaType=int, jdbcType=null, numericScale=null, resultMapId=\'null\', jdbcTypeName=\'null\', expression=\'null\'}. Cause: org.apache.ibatis.type.TypeException: Error setting non null for parameter #6 with JdbcType null . Try setting a different JdbcType for this parameter or a different configuration property. Cause: java.sql.SQLException: Parameter index out of range (6 > number of parameters, which is 5).',NULL,'2019-01-22 16:35:17'),(1367,1,'admin','登录',34,'com.xzbd.system.controller.LoginController.ajaxLogin()',NULL,'127.0.0.1','2019-01-22 16:37:30'),(1368,1,'admin','请求访问主页',135,'com.xzbd.system.controller.LoginController.index()',NULL,'127.0.0.1','2019-01-22 16:37:30'),(1369,1,'admin','error',NULL,'http://localhost:8099/mail/biEmailJobRunDiary/list','org.mybatis.spring.MyBatisSystemException: nested exception is org.apache.ibatis.type.TypeException: Could not set parameters for mapping: ParameterMapping{property=\'limit\', mode=IN, javaType=int, jdbcType=null, numericScale=null, resultMapId=\'null\', jdbcTypeName=\'null\', expression=\'null\'}. Cause: org.apache.ibatis.type.TypeException: Error setting non null for parameter #3 with JdbcType null . Try setting a different JdbcType for this parameter or a different configuration property. Cause: java.sql.SQLException: Parameter index out of range (3 > number of parameters, which is 2).',NULL,'2019-01-22 16:37:36'),(1370,1,'admin','登录',23,'com.xzbd.system.controller.LoginController.ajaxLogin()',NULL,'127.0.0.1','2019-01-22 16:43:10'),(1371,1,'admin','请求访问主页',109,'com.xzbd.system.controller.LoginController.index()',NULL,'127.0.0.1','2019-01-22 16:43:10'),(1372,1,'admin','error',NULL,'http://localhost:8099/mail/biEmailJobRunDiary/list','org.mybatis.spring.MyBatisSystemException: nested exception is org.apache.ibatis.type.TypeException: Could not set parameters for mapping: ParameterMapping{property=\'offset\', mode=IN, javaType=int, jdbcType=null, numericScale=null, resultMapId=\'null\', jdbcTypeName=\'null\', expression=\'null\'}. Cause: org.apache.ibatis.type.TypeException: Error setting non null for parameter #3 with JdbcType null . Try setting a different JdbcType for this parameter or a different configuration property. Cause: java.sql.SQLException: Parameter index out of range (3 > number of parameters, which is 2).',NULL,'2019-01-22 16:43:17'),(1373,1,'admin','登录',48,'com.xzbd.system.controller.LoginController.ajaxLogin()',NULL,'127.0.0.1','2019-01-22 16:46:41'),(1374,1,'admin','请求访问主页',139,'com.xzbd.system.controller.LoginController.index()',NULL,'127.0.0.1','2019-01-22 16:46:41'),(1375,1,'admin','登录',33,'com.xzbd.system.controller.LoginController.ajaxLogin()',NULL,'127.0.0.1','2019-01-22 16:48:02'),(1376,1,'admin','请求访问主页',112,'com.xzbd.system.controller.LoginController.index()',NULL,'127.0.0.1','2019-01-22 16:48:02'),(1377,1,'admin','登录',25,'com.xzbd.system.controller.LoginController.ajaxLogin()',NULL,'127.0.0.1','2019-01-22 16:56:37'),(1378,1,'admin','请求访问主页',156,'com.xzbd.system.controller.LoginController.index()',NULL,'127.0.0.1','2019-01-22 16:56:38'),(1379,1,'admin','请求访问主页',11,'com.xzbd.system.controller.LoginController.index()',NULL,'127.0.0.1','2019-01-22 17:08:43'),(1380,1,'admin','登录',41,'com.xzbd.system.controller.LoginController.ajaxLogin()',NULL,'127.0.0.1','2019-01-22 17:19:33'),(1381,1,'admin','请求访问主页',103,'com.xzbd.system.controller.LoginController.index()',NULL,'127.0.0.1','2019-01-22 17:19:33'),(1382,1,'admin','登录',7,'com.xzbd.system.controller.LoginController.ajaxLogin()',NULL,'127.0.0.1','2019-01-22 17:20:22'),(1383,1,'admin','请求访问主页',12,'com.xzbd.system.controller.LoginController.index()',NULL,'127.0.0.1','2019-01-22 17:20:22'),(1384,1,'admin','请求访问主页',21,'com.xzbd.system.controller.LoginController.index()',NULL,'127.0.0.1','2019-01-22 17:21:18'),(1385,1,'admin','登录',55,'com.xzbd.system.controller.LoginController.ajaxLogin()',NULL,'127.0.0.1','2019-01-22 17:31:49'),(1386,1,'admin','请求访问主页',103,'com.xzbd.system.controller.LoginController.index()',NULL,'127.0.0.1','2019-01-22 17:31:49'),(1387,1,'admin','登录',4,'com.xzbd.system.controller.LoginController.ajaxLogin()',NULL,'127.0.0.1','2019-01-22 17:32:25'),(1388,1,'admin','请求访问主页',14,'com.xzbd.system.controller.LoginController.index()',NULL,'127.0.0.1','2019-01-22 17:32:25'),(1389,1,'admin','登录',23,'com.xzbd.system.controller.LoginController.ajaxLogin()',NULL,'127.0.0.1','2019-01-22 17:38:31'),(1390,1,'admin','请求访问主页',145,'com.xzbd.system.controller.LoginController.index()',NULL,'127.0.0.1','2019-01-22 17:38:31'),(1391,1,'admin','登录',8,'com.xzbd.system.controller.LoginController.ajaxLogin()',NULL,'127.0.0.1','2019-01-22 17:38:47'),(1392,1,'admin','请求访问主页',17,'com.xzbd.system.controller.LoginController.index()',NULL,'127.0.0.1','2019-01-22 17:38:47'),(1393,1,'admin','登录',26,'com.xzbd.system.controller.LoginController.ajaxLogin()',NULL,'127.0.0.1','2019-01-22 17:46:28'),(1394,1,'admin','请求访问主页',130,'com.xzbd.system.controller.LoginController.index()',NULL,'127.0.0.1','2019-01-22 17:46:28'),(1395,1,'admin','error',NULL,'http://localhost:8099/mail/biEmailSheetConfig/list','org.springframework.jdbc.UncategorizedSQLException: \r\n### Error querying database.  Cause: java.sql.SQLException: sql injection violation, syntax error: syntax error, expect RPAREN, actual IDENTIFIER f : select `id`,`sheet_name`,`titles`,`coloums`,`q_sql`,`data_source`,`nodata_deal`,`data_range`,`del`,`create_time`,`create_man`,`last_option_man`,`last_option_time`,`memo_1`,`memo_2`,`memo_3` from bi_email_sheet_config\n         WHERE  del = ? \n		  		  \n		  		  \n		  		  \n		  		  \n		  		  \n		  		  \n		  		  \n\n			\n				and\n				(\n				sheet_name like \'%ds\'f\'g\'vs\'d%\'\n				or titles like \'%ds\'f\'g\'vs\'d%\'\n				or coloums like \'%ds\'f\'g\'vs\'d%\'\n				or q_sql like \'%ds\'f\'g\'vs\'d%\'\n				) \n         \n                order by id desc\n			 \n		 \n			limit ?, ?\r\n### The error may exist in file [D:\\z_workspace\\workspace_java\\xw-mail\\target\\classes\\mybatis\\mail\\BiEmailSheetConfigMapper.xml]\r\n### The error may involve com.xzbd.mail.dao.BiEmailSheetConfigDao.list\r\n### The error occurred while executing a query\r\n### SQL: select `id`,`sheet_name`,`titles`,`coloums`,`q_sql`,`data_source`,`nodata_deal`,`data_range`,`del`,`create_time`,`create_man`,`last_option_man`,`last_option_time`,`memo_1`,`memo_2`,`memo_3` from bi_email_sheet_config          WHERE  del = ?                                                                          and     (     sheet_name like \'%ds\'f\'g\'vs\'d%\'     or titles like \'%ds\'f\'g\'vs\'d%\'     or coloums like \'%ds\'f\'g\'vs\'d%\'     or q_sql like \'%ds\'f\'g\'vs\'d%\'     )                            order by id desc             limit ?, ?\r\n### Cause: java.sql.SQLException: sql injection violation, syntax error: syntax error, expect RPAREN, actual IDENTIFIER f : select `id`,`sheet_name`,`titles`,`coloums`,`q_sql`,`data_source`,`nodata_deal`,`data_range`,`del`,`create_time`,`create_man`,`last_option_man`,`last_option_time`,`memo_1`,`memo_2`,`memo_3` from bi_email_sheet_config\n         WHERE  del = ? \n		  		  \n		  		  \n		  		  \n		  		  \n		  		  \n		  		  \n		  		  \n\n			\n				and\n				(\n				sheet_name like \'%ds\'f\'g\'vs\'d%\'\n				or titles like \'%ds\'f\'g\'vs\'d%\'\n				or coloums like \'%ds\'f\'g\'vs\'d%\'\n				or q_sql like \'%ds\'f\'g\'vs\'d%\'\n				) \n         \n                order by id desc\n			 \n		 \n			limit ?, ?\n; uncategorized SQLException; SQL state [null]; error code [0]; sql injection violation, syntax error: syntax error, expect RPAREN, actual IDENTIFIER f : select `id`,`sheet_name`,`titles`,`coloums`,`q_sql`,`data_source`,`nodata_deal`,`data_range`,`del`,`create_time`,`create_man`,`last_option_man`,`last_option_time`,`memo_1`,`memo_2`,`memo_3` from bi_email_sheet_config\n         WHERE  del = ? \n		  		  \n		  		  \n		  		  \n		  		  \n		  		  \n		  		  \n		  		  \n\n			\n				and\n				(\n				sheet_name like \'%ds\'f\'g\'vs\'d%\'\n				or titles like \'%ds\'f\'g\'vs\'d%\'\n				or coloums like \'%ds\'f\'g\'vs\'d%\'\n				or q_sql like \'%ds\'f\'g\'vs\'d%\'\n				) \n         \n                order by id desc\n			 \n		 \n			limit ?, ?; nested exception is java.sql.SQLException: sql injection violation, syntax error: syntax error, expect RPAREN, actual IDENTIFIER f : select `id`,`sheet_name`,`titles`,`coloums`,`q_sql`,`data_source`,`nodata_deal`,`data_range`,`del`,`create_time`,`create_man`,`last_option_man`,`last_option_time`,`memo_1`,`memo_2`,`memo_3` from bi_email_sheet_config\n         WHERE  del = ? \n		  		  \n		  		  \n		  		  \n		  		  \n		  		  \n		  		  \n		  		  \n\n			\n				and\n				(\n				sheet_name like \'%ds\'f\'g\'vs\'d%\'\n				or titles like \'%ds\'f\'g\'vs\'d%\'\n				or coloums like \'%ds\'f\'g\'vs\'d%\'\n				or q_sql like \'%ds\'f\'g\'vs\'d%\'\n				) \n         \n                order by id desc\n			 \n		 \n			limit ?, ?',NULL,'2019-01-22 17:46:40'),(1396,1,'admin','error',NULL,'http://localhost:8099/mail/biEmailSheetConfig/list','org.springframework.jdbc.UncategorizedSQLException: \r\n### Error querying database.  Cause: java.sql.SQLException: sql injection violation, syntax error: syntax error, expect RPAREN, actual LITERAL_CHARS % : select `id`,`sheet_name`,`titles`,`coloums`,`q_sql`,`data_source`,`nodata_deal`,`data_range`,`del`,`create_time`,`create_man`,`last_option_man`,`last_option_time`,`memo_1`,`memo_2`,`memo_3` from bi_email_sheet_config\n         WHERE  del = ? \n		  		  \n		  		  \n		  		  \n		  		  \n		  		  \n		  		  \n		  		  \n\n			\n				and\n				(\n				sheet_name like \'%dfgdsdfd\'%\'\n				or titles like \'%dfgdsdfd\'%\'\n				or coloums like \'%dfgdsdfd\'%\'\n				or q_sql like \'%dfgdsdfd\'%\'\n				) \n         \n                order by id desc\n			 \n		 \n			limit ?, ?\r\n### The error may exist in file [D:\\z_workspace\\workspace_java\\xw-mail\\target\\classes\\mybatis\\mail\\BiEmailSheetConfigMapper.xml]\r\n### The error may involve com.xzbd.mail.dao.BiEmailSheetConfigDao.list\r\n### The error occurred while executing a query\r\n### SQL: select `id`,`sheet_name`,`titles`,`coloums`,`q_sql`,`data_source`,`nodata_deal`,`data_range`,`del`,`create_time`,`create_man`,`last_option_man`,`last_option_time`,`memo_1`,`memo_2`,`memo_3` from bi_email_sheet_config          WHERE  del = ?                                                                          and     (     sheet_name like \'%dfgdsdfd\'%\'     or titles like \'%dfgdsdfd\'%\'     or coloums like \'%dfgdsdfd\'%\'     or q_sql like \'%dfgdsdfd\'%\'     )                            order by id desc             limit ?, ?\r\n### Cause: java.sql.SQLException: sql injection violation, syntax error: syntax error, expect RPAREN, actual LITERAL_CHARS % : select `id`,`sheet_name`,`titles`,`coloums`,`q_sql`,`data_source`,`nodata_deal`,`data_range`,`del`,`create_time`,`create_man`,`last_option_man`,`last_option_time`,`memo_1`,`memo_2`,`memo_3` from bi_email_sheet_config\n         WHERE  del = ? \n		  		  \n		  		  \n		  		  \n		  		  \n		  		  \n		  		  \n		  		  \n\n			\n				and\n				(\n				sheet_name like \'%dfgdsdfd\'%\'\n				or titles like \'%dfgdsdfd\'%\'\n				or coloums like \'%dfgdsdfd\'%\'\n				or q_sql like \'%dfgdsdfd\'%\'\n				) \n         \n                order by id desc\n			 \n		 \n			limit ?, ?\n; uncategorized SQLException; SQL state [null]; error code [0]; sql injection violation, syntax error: syntax error, expect RPAREN, actual LITERAL_CHARS % : select `id`,`sheet_name`,`titles`,`coloums`,`q_sql`,`data_source`,`nodata_deal`,`data_range`,`del`,`create_time`,`create_man`,`last_option_man`,`last_option_time`,`memo_1`,`memo_2`,`memo_3` from bi_email_sheet_config\n         WHERE  del = ? \n		  		  \n		  		  \n		  		  \n		  		  \n		  		  \n		  		  \n		  		  \n\n			\n				and\n				(\n				sheet_name like \'%dfgdsdfd\'%\'\n				or titles like \'%dfgdsdfd\'%\'\n				or coloums like \'%dfgdsdfd\'%\'\n				or q_sql like \'%dfgdsdfd\'%\'\n				) \n         \n                order by id desc\n			 \n		 \n			limit ?, ?; nested exception is java.sql.SQLException: sql injection violation, syntax error: syntax error, expect RPAREN, actual LITERAL_CHARS % : select `id`,`sheet_name`,`titles`,`coloums`,`q_sql`,`data_source`,`nodata_deal`,`data_range`,`del`,`create_time`,`create_man`,`last_option_man`,`last_option_time`,`memo_1`,`memo_2`,`memo_3` from bi_email_sheet_config\n         WHERE  del = ? \n		  		  \n		  		  \n		  		  \n		  		  \n		  		  \n		  		  \n		  		  \n\n			\n				and\n				(\n				sheet_name like \'%dfgdsdfd\'%\'\n				or titles like \'%dfgdsdfd\'%\'\n				or coloums like \'%dfgdsdfd\'%\'\n				or q_sql like \'%dfgdsdfd\'%\'\n				) \n         \n                order by id desc\n			 \n		 \n			limit ?, ?',NULL,'2019-01-22 17:47:27'),(1397,1,'admin','error',NULL,'http://localhost:8099/mail/biEmailSheetConfig/list','org.springframework.jdbc.UncategorizedSQLException: \r\n### Error querying database.  Cause: java.sql.SQLException: sql injection violation, syntax error: syntax error, expect RPAREN, actual LITERAL_CHARS % : select `id`,`sheet_name`,`titles`,`coloums`,`q_sql`,`data_source`,`nodata_deal`,`data_range`,`del`,`create_time`,`create_man`,`last_option_man`,`last_option_time`,`memo_1`,`memo_2`,`memo_3` from bi_email_sheet_config\n         WHERE  del = ? \n		  		  \n		  		  \n		  		  \n		  		  \n		  		  \n		  		  \n		  		  \n\n			\n				and\n				(\n				sheet_name like \'%dfgdsdfd\'%\'\n				or titles like \'%dfgdsdfd\'%\'\n				or coloums like \'%dfgdsdfd\'%\'\n				or q_sql like \'%dfgdsdfd\'%\'\n				) \n         \n                order by id desc\n			 \n		 \n			limit ?, ?\r\n### The error may exist in file [D:\\z_workspace\\workspace_java\\xw-mail\\target\\classes\\mybatis\\mail\\BiEmailSheetConfigMapper.xml]\r\n### The error may involve com.xzbd.mail.dao.BiEmailSheetConfigDao.list\r\n### The error occurred while executing a query\r\n### SQL: select `id`,`sheet_name`,`titles`,`coloums`,`q_sql`,`data_source`,`nodata_deal`,`data_range`,`del`,`create_time`,`create_man`,`last_option_man`,`last_option_time`,`memo_1`,`memo_2`,`memo_3` from bi_email_sheet_config          WHERE  del = ?                                                                          and     (     sheet_name like \'%dfgdsdfd\'%\'     or titles like \'%dfgdsdfd\'%\'     or coloums like \'%dfgdsdfd\'%\'     or q_sql like \'%dfgdsdfd\'%\'     )                            order by id desc             limit ?, ?\r\n### Cause: java.sql.SQLException: sql injection violation, syntax error: syntax error, expect RPAREN, actual LITERAL_CHARS % : select `id`,`sheet_name`,`titles`,`coloums`,`q_sql`,`data_source`,`nodata_deal`,`data_range`,`del`,`create_time`,`create_man`,`last_option_man`,`last_option_time`,`memo_1`,`memo_2`,`memo_3` from bi_email_sheet_config\n         WHERE  del = ? \n		  		  \n		  		  \n		  		  \n		  		  \n		  		  \n		  		  \n		  		  \n\n			\n				and\n				(\n				sheet_name like \'%dfgdsdfd\'%\'\n				or titles like \'%dfgdsdfd\'%\'\n				or coloums like \'%dfgdsdfd\'%\'\n				or q_sql like \'%dfgdsdfd\'%\'\n				) \n         \n                order by id desc\n			 \n		 \n			limit ?, ?\n; uncategorized SQLException; SQL state [null]; error code [0]; sql injection violation, syntax error: syntax error, expect RPAREN, actual LITERAL_CHARS % : select `id`,`sheet_name`,`titles`,`coloums`,`q_sql`,`data_source`,`nodata_deal`,`data_range`,`del`,`create_time`,`create_man`,`last_option_man`,`last_option_time`,`memo_1`,`memo_2`,`memo_3` from bi_email_sheet_config\n         WHERE  del = ? \n		  		  \n		  		  \n		  		  \n		  		  \n		  		  \n		  		  \n		  		  \n\n			\n				and\n				(\n				sheet_name like \'%dfgdsdfd\'%\'\n				or titles like \'%dfgdsdfd\'%\'\n				or coloums like \'%dfgdsdfd\'%\'\n				or q_sql like \'%dfgdsdfd\'%\'\n				) \n         \n                order by id desc\n			 \n		 \n			limit ?, ?; nested exception is java.sql.SQLException: sql injection violation, syntax error: syntax error, expect RPAREN, actual LITERAL_CHARS % : select `id`,`sheet_name`,`titles`,`coloums`,`q_sql`,`data_source`,`nodata_deal`,`data_range`,`del`,`create_time`,`create_man`,`last_option_man`,`last_option_time`,`memo_1`,`memo_2`,`memo_3` from bi_email_sheet_config\n         WHERE  del = ? \n		  		  \n		  		  \n		  		  \n		  		  \n		  		  \n		  		  \n		  		  \n\n			\n				and\n				(\n				sheet_name like \'%dfgdsdfd\'%\'\n				or titles like \'%dfgdsdfd\'%\'\n				or coloums like \'%dfgdsdfd\'%\'\n				or q_sql like \'%dfgdsdfd\'%\'\n				) \n         \n                order by id desc\n			 \n		 \n			limit ?, ?',NULL,'2019-01-22 17:47:28'),(1398,1,'admin','error',NULL,'http://localhost:8099/mail/biEmailSheetConfig/list','org.springframework.jdbc.UncategorizedSQLException: \r\n### Error querying database.  Cause: java.sql.SQLException: sql injection violation, syntax error: syntax error, expect RPAREN, actual IDENTIFIER fgdsdfd : select `id`,`sheet_name`,`titles`,`coloums`,`q_sql`,`data_source`,`nodata_deal`,`data_range`,`del`,`create_time`,`create_man`,`last_option_man`,`last_option_time`,`memo_1`,`memo_2`,`memo_3` from bi_email_sheet_config\n         WHERE  del = ? \n		  		  \n		  		  \n		  		  \n		  		  \n		  		  \n		  		  \n		  		  \n\n			\n				and\n				(\n				sheet_name like \'%d\'fgdsdfd\'%\'\n				or titles like \'%d\'fgdsdfd\'%\'\n				or coloums like \'%d\'fgdsdfd\'%\'\n				or q_sql like \'%d\'fgdsdfd\'%\'\n				) \n         \n                order by id desc\n			 \n		 \n			limit ?, ?\r\n### The error may exist in file [D:\\z_workspace\\workspace_java\\xw-mail\\target\\classes\\mybatis\\mail\\BiEmailSheetConfigMapper.xml]\r\n### The error may involve com.xzbd.mail.dao.BiEmailSheetConfigDao.list\r\n### The error occurred while executing a query\r\n### SQL: select `id`,`sheet_name`,`titles`,`coloums`,`q_sql`,`data_source`,`nodata_deal`,`data_range`,`del`,`create_time`,`create_man`,`last_option_man`,`last_option_time`,`memo_1`,`memo_2`,`memo_3` from bi_email_sheet_config          WHERE  del = ?                                                                          and     (     sheet_name like \'%d\'fgdsdfd\'%\'     or titles like \'%d\'fgdsdfd\'%\'     or coloums like \'%d\'fgdsdfd\'%\'     or q_sql like \'%d\'fgdsdfd\'%\'     )                            order by id desc             limit ?, ?\r\n### Cause: java.sql.SQLException: sql injection violation, syntax error: syntax error, expect RPAREN, actual IDENTIFIER fgdsdfd : select `id`,`sheet_name`,`titles`,`coloums`,`q_sql`,`data_source`,`nodata_deal`,`data_range`,`del`,`create_time`,`create_man`,`last_option_man`,`last_option_time`,`memo_1`,`memo_2`,`memo_3` from bi_email_sheet_config\n         WHERE  del = ? \n		  		  \n		  		  \n		  		  \n		  		  \n		  		  \n		  		  \n		  		  \n\n			\n				and\n				(\n				sheet_name like \'%d\'fgdsdfd\'%\'\n				or titles like \'%d\'fgdsdfd\'%\'\n				or coloums like \'%d\'fgdsdfd\'%\'\n				or q_sql like \'%d\'fgdsdfd\'%\'\n				) \n         \n                order by id desc\n			 \n		 \n			limit ?, ?\n; uncategorized SQLException; SQL state [null]; error code [0]; sql injection violation, syntax error: syntax error, expect RPAREN, actual IDENTIFIER fgdsdfd : select `id`,`sheet_name`,`titles`,`coloums`,`q_sql`,`data_source`,`nodata_deal`,`data_range`,`del`,`create_time`,`create_man`,`last_option_man`,`last_option_time`,`memo_1`,`memo_2`,`memo_3` from bi_email_sheet_config\n         WHERE  del = ? \n		  		  \n		  		  \n		  		  \n		  		  \n		  		  \n		  		  \n		  		  \n\n			\n				and\n				(\n				sheet_name like \'%d\'fgdsdfd\'%\'\n				or titles like \'%d\'fgdsdfd\'%\'\n				or coloums like \'%d\'fgdsdfd\'%\'\n				or q_sql like \'%d\'fgdsdfd\'%\'\n				) \n         \n                order by id desc\n			 \n		 \n			limit ?, ?; nested exception is java.sql.SQLException: sql injection violation, syntax error: syntax error, expect RPAREN, actual IDENTIFIER fgdsdfd : select `id`,`sheet_name`,`titles`,`coloums`,`q_sql`,`data_source`,`nodata_deal`,`data_range`,`del`,`create_time`,`create_man`,`last_option_man`,`last_option_time`,`memo_1`,`memo_2`,`memo_3` from bi_email_sheet_config\n         WHERE  del = ? \n		  		  \n		  		  \n		  		  \n		  		  \n		  		  \n		  		  \n		  		  \n\n			\n				and\n				(\n				sheet_name like \'%d\'fgdsdfd\'%\'\n				or titles like \'%d\'fgdsdfd\'%\'\n				or coloums like \'%d\'fgdsdfd\'%\'\n				or q_sql like \'%d\'fgdsdfd\'%\'\n				) \n         \n                order by id desc\n			 \n		 \n			limit ?, ?',NULL,'2019-01-22 17:47:54'),(1399,1,'admin','error',NULL,'http://localhost:8099/mail/biEmailTextContentConfig/list','org.springframework.jdbc.BadSqlGrammarException: \r\n### Error querying database.  Cause: com.mysql.jdbc.exceptions.jdbc4.MySQLSyntaxErrorException: You have an error in your SQL syntax; check the manual that corresponds to your MySQL server version for the right syntax to use near \'%\'\n				or content like \'%\'%\'\n				) \n         \n                order by id desc\n	\' at line 14\r\n### The error may exist in file [D:\\z_workspace\\workspace_java\\xw-mail\\target\\classes\\mybatis\\mail\\BiEmailTextContentConfigMapper.xml]\r\n### The error may involve defaultParameterMap\r\n### The error occurred while setting parameters\r\n### SQL: select `id`,`name`,`content`,`del`,`create_time`,`create_man`,`last_option_time`,`last_option_man`,`memo_1`,`memo_2`,`memo_3` from bi_email_text_content_config          WHERE  del = ?                                                                          and     (     name like \'%\'%\'     or content like \'%\'%\'     )                            order by id desc             limit ?, ?\r\n### Cause: com.mysql.jdbc.exceptions.jdbc4.MySQLSyntaxErrorException: You have an error in your SQL syntax; check the manual that corresponds to your MySQL server version for the right syntax to use near \'%\'\n				or content like \'%\'%\'\n				) \n         \n                order by id desc\n	\' at line 14\n; bad SQL grammar []; nested exception is com.mysql.jdbc.exceptions.jdbc4.MySQLSyntaxErrorException: You have an error in your SQL syntax; check the manual that corresponds to your MySQL server version for the right syntax to use near \'%\'\n				or content like \'%\'%\'\n				) \n         \n                order by id desc\n	\' at line 14',NULL,'2019-01-22 17:49:03'),(1400,1,'admin','登录',38,'com.xzbd.system.controller.LoginController.ajaxLogin()',NULL,'127.0.0.1','2019-01-22 18:48:38'),(1401,1,'admin','请求访问主页',159,'com.xzbd.system.controller.LoginController.index()',NULL,'127.0.0.1','2019-01-22 18:48:38'),(1402,1,'admin','登录',28,'com.xzbd.system.controller.LoginController.ajaxLogin()',NULL,'127.0.0.1','2019-01-22 18:52:35'),(1403,1,'admin','请求访问主页',129,'com.xzbd.system.controller.LoginController.index()',NULL,'127.0.0.1','2019-01-22 18:52:35'),(1404,1,'admin','登录',30,'com.xzbd.system.controller.LoginController.ajaxLogin()',NULL,'127.0.0.1','2019-01-22 18:57:55'),(1405,1,'admin','请求访问主页',120,'com.xzbd.system.controller.LoginController.index()',NULL,'127.0.0.1','2019-01-22 18:57:55'),(1406,1,'admin','登录',25,'com.xzbd.system.controller.LoginController.ajaxLogin()',NULL,'127.0.0.1','2019-01-22 19:00:47'),(1407,1,'admin','请求访问主页',108,'com.xzbd.system.controller.LoginController.index()',NULL,'127.0.0.1','2019-01-22 19:00:48'),(1408,1,'admin','登录',30,'com.xzbd.system.controller.LoginController.ajaxLogin()',NULL,'127.0.0.1','2019-01-22 19:04:48'),(1409,1,'admin','请求访问主页',113,'com.xzbd.system.controller.LoginController.index()',NULL,'127.0.0.1','2019-01-22 19:04:48'),(1410,1,'admin','登录',27,'com.xzbd.system.controller.LoginController.ajaxLogin()',NULL,'127.0.0.1','2019-01-22 19:09:10'),(1411,1,'admin','请求访问主页',93,'com.xzbd.system.controller.LoginController.index()',NULL,'127.0.0.1','2019-01-22 19:09:11'),(1412,1,'admin','登录',62,'com.xzbd.system.controller.LoginController.ajaxLogin()',NULL,'127.0.0.1','2019-01-23 10:16:44'),(1413,1,'admin','请求访问主页',170,'com.xzbd.system.controller.LoginController.index()',NULL,'127.0.0.1','2019-01-23 10:16:44'),(1414,1,'admin','登录',29,'com.xzbd.system.controller.LoginController.ajaxLogin()',NULL,'127.0.0.1','2019-01-23 10:40:08'),(1415,1,'admin','请求访问主页',107,'com.xzbd.system.controller.LoginController.index()',NULL,'127.0.0.1','2019-01-23 10:40:08'),(1416,1,'admin','登录',77,'com.xzbd.system.controller.LoginController.ajaxLogin()',NULL,'127.0.0.1','2019-01-23 10:48:10'),(1417,1,'admin','请求访问主页',122,'com.xzbd.system.controller.LoginController.index()',NULL,'127.0.0.1','2019-01-23 10:48:10'),(1418,1,'admin','登录',5,'com.xzbd.system.controller.LoginController.ajaxLogin()',NULL,'127.0.0.1','2019-01-23 10:49:10'),(1419,1,'admin','请求访问主页',14,'com.xzbd.system.controller.LoginController.index()',NULL,'127.0.0.1','2019-01-23 10:49:10'),(1420,1,'admin','登录',34,'com.xzbd.system.controller.LoginController.ajaxLogin()',NULL,'127.0.0.1','2019-01-23 10:54:54'),(1421,1,'admin','请求访问主页',130,'com.xzbd.system.controller.LoginController.index()',NULL,'127.0.0.1','2019-01-23 10:54:54'),(1422,1,'admin','error',NULL,'http://localhost:8099/mail/biEmailExcelConfig/update','org.springframework.web.HttpRequestMethodNotSupportedException: Request method \'POST\' not supported',NULL,'2019-01-23 10:55:06'),(1423,1,'admin','登录',31,'com.xzbd.system.controller.LoginController.ajaxLogin()',NULL,'127.0.0.1','2019-01-23 10:56:51'),(1424,1,'admin','请求访问主页',118,'com.xzbd.system.controller.LoginController.index()',NULL,'127.0.0.1','2019-01-23 10:56:51'),(1425,1,'admin','登录',27,'com.xzbd.system.controller.LoginController.ajaxLogin()',NULL,'127.0.0.1','2019-01-23 11:01:18'),(1426,1,'admin','请求访问主页',155,'com.xzbd.system.controller.LoginController.index()',NULL,'127.0.0.1','2019-01-23 11:01:18'),(1427,1,'admin','error',NULL,'http://localhost:8099/mail/biEmailExcelConfig/update','org.mybatis.spring.MyBatisSystemException: nested exception is org.apache.ibatis.reflection.ReflectionException: There is no getter for property named \'sheetId\' in \'class java.lang.Long\'',NULL,'2019-01-23 11:01:42'),(1428,1,'admin','登录',35,'com.xzbd.system.controller.LoginController.ajaxLogin()',NULL,'127.0.0.1','2019-01-23 11:03:45'),(1429,1,'admin','请求访问主页',116,'com.xzbd.system.controller.LoginController.index()',NULL,'127.0.0.1','2019-01-23 11:03:45'),(1430,1,'admin','error',NULL,'http://localhost:8099/mail/biEmailExcelConfig/update','org.mybatis.spring.MyBatisSystemException: nested exception is org.apache.ibatis.reflection.ReflectionException: There is no getter for property named \'sheetId\' in \'class java.lang.Long\'',NULL,'2019-01-23 11:04:00'),(1431,1,'admin','登录',25,'com.xzbd.system.controller.LoginController.ajaxLogin()',NULL,'127.0.0.1','2019-01-23 11:07:15'),(1432,1,'admin','请求访问主页',100,'com.xzbd.system.controller.LoginController.index()',NULL,'127.0.0.1','2019-01-23 11:07:15'),(1433,1,'admin','error',NULL,'http://localhost:8099/mail/biEmailExcelConfig/update','org.mybatis.spring.MyBatisSystemException: nested exception is org.apache.ibatis.reflection.ReflectionException: There is no getter for property named \'excelId\' in \'class java.lang.Long\'',NULL,'2019-01-23 11:07:21'),(1434,1,'admin','登录',31,'com.xzbd.system.controller.LoginController.ajaxLogin()',NULL,'127.0.0.1','2019-01-23 11:09:21'),(1435,1,'admin','请求访问主页',145,'com.xzbd.system.controller.LoginController.index()',NULL,'127.0.0.1','2019-01-23 11:09:22'),(1436,1,'admin','登录',29,'com.xzbd.system.controller.LoginController.ajaxLogin()',NULL,'127.0.0.1','2019-01-23 11:12:54'),(1437,1,'admin','请求访问主页',126,'com.xzbd.system.controller.LoginController.index()',NULL,'127.0.0.1','2019-01-23 11:12:54'),(1438,1,'admin','登录',91,'com.xzbd.system.controller.LoginController.ajaxLogin()',NULL,'127.0.0.1','2019-01-23 11:16:56'),(1439,1,'admin','请求访问主页',142,'com.xzbd.system.controller.LoginController.index()',NULL,'127.0.0.1','2019-01-23 11:16:56'),(1440,1,'admin','登录',32,'com.xzbd.system.controller.LoginController.ajaxLogin()',NULL,'127.0.0.1','2019-01-23 11:23:25'),(1441,1,'admin','请求访问主页',124,'com.xzbd.system.controller.LoginController.index()',NULL,'127.0.0.1','2019-01-23 11:23:25'),(1442,1,'admin','登录',38,'com.xzbd.system.controller.LoginController.ajaxLogin()',NULL,'127.0.0.1','2019-01-23 11:25:04'),(1443,1,'admin','请求访问主页',123,'com.xzbd.system.controller.LoginController.index()',NULL,'127.0.0.1','2019-01-23 11:25:04'),(1444,1,'admin','登录',24,'com.xzbd.system.controller.LoginController.ajaxLogin()',NULL,'127.0.0.1','2019-01-23 11:33:19'),(1445,1,'admin','请求访问主页',108,'com.xzbd.system.controller.LoginController.index()',NULL,'127.0.0.1','2019-01-23 11:33:19'),(1446,1,'admin','登录',35,'com.xzbd.system.controller.LoginController.ajaxLogin()',NULL,'127.0.0.1','2019-01-23 11:42:54'),(1447,1,'admin','请求访问主页',127,'com.xzbd.system.controller.LoginController.index()',NULL,'127.0.0.1','2019-01-23 11:42:55'),(1448,1,'admin','登录',32,'com.xzbd.system.controller.LoginController.ajaxLogin()',NULL,'127.0.0.1','2019-01-23 12:00:49'),(1449,1,'admin','请求访问主页',139,'com.xzbd.system.controller.LoginController.index()',NULL,'127.0.0.1','2019-01-23 12:00:50'),(1450,1,'admin','登录',54,'com.xzbd.system.controller.LoginController.ajaxLogin()',NULL,'127.0.0.1','2019-01-23 12:04:06'),(1451,1,'admin','请求访问主页',114,'com.xzbd.system.controller.LoginController.index()',NULL,'127.0.0.1','2019-01-23 12:04:06'),(1452,1,'admin','登录',5,'com.xzbd.system.controller.LoginController.ajaxLogin()',NULL,'127.0.0.1','2019-01-23 13:37:20'),(1453,1,'admin','请求访问主页',19,'com.xzbd.system.controller.LoginController.index()',NULL,'127.0.0.1','2019-01-23 13:37:20'),(1454,1,'admin','登录',27,'com.xzbd.system.controller.LoginController.ajaxLogin()',NULL,'127.0.0.1','2019-01-23 13:44:59'),(1455,1,'admin','请求访问主页',111,'com.xzbd.system.controller.LoginController.index()',NULL,'127.0.0.1','2019-01-23 13:44:59'),(1456,1,'admin','登录',39,'com.xzbd.system.controller.LoginController.ajaxLogin()',NULL,'127.0.0.1','2019-01-23 13:54:42'),(1457,1,'admin','请求访问主页',117,'com.xzbd.system.controller.LoginController.index()',NULL,'127.0.0.1','2019-01-23 13:54:42'),(1458,1,'admin','登录',7,'com.xzbd.system.controller.LoginController.ajaxLogin()',NULL,'127.0.0.1','2019-01-23 14:36:40'),(1459,1,'admin','请求访问主页',16,'com.xzbd.system.controller.LoginController.index()',NULL,'127.0.0.1','2019-01-23 14:36:40'),(1460,1,'admin','请求访问主页',14,'com.xzbd.system.controller.LoginController.index()',NULL,'127.0.0.1','2019-01-23 14:54:14'),(1461,1,'admin','登录',5,'com.xzbd.system.controller.LoginController.ajaxLogin()',NULL,'127.0.0.1','2019-01-23 14:54:45'),(1462,1,'admin','请求访问主页',14,'com.xzbd.system.controller.LoginController.index()',NULL,'127.0.0.1','2019-01-23 14:54:45'),(1463,1,'admin','登录',30,'com.xzbd.system.controller.LoginController.ajaxLogin()',NULL,'127.0.0.1','2019-01-23 15:40:37'),(1464,1,'admin','请求访问主页',146,'com.xzbd.system.controller.LoginController.index()',NULL,'127.0.0.1','2019-01-23 15:40:37'),(1465,1,'admin','请求访问主页',15,'com.xzbd.system.controller.LoginController.index()',NULL,'127.0.0.1','2019-01-23 15:42:21'),(1466,1,'admin','登录',30,'com.xzbd.system.controller.LoginController.ajaxLogin()',NULL,'127.0.0.1','2019-01-23 15:53:45'),(1467,1,'admin','请求访问主页',123,'com.xzbd.system.controller.LoginController.index()',NULL,'127.0.0.1','2019-01-23 15:53:45'),(1468,1,'admin','登录',26,'com.xzbd.system.controller.LoginController.ajaxLogin()',NULL,'127.0.0.1','2019-01-23 16:03:12'),(1469,1,'admin','请求访问主页',140,'com.xzbd.system.controller.LoginController.index()',NULL,'127.0.0.1','2019-01-23 16:03:13'),(1470,1,'admin','登录',26,'com.xzbd.system.controller.LoginController.ajaxLogin()',NULL,'127.0.0.1','2019-01-23 16:05:01'),(1471,1,'admin','请求访问主页',117,'com.xzbd.system.controller.LoginController.index()',NULL,'127.0.0.1','2019-01-23 16:05:01'),(1472,1,'admin','编辑菜单',7,'com.xzbd.system.controller.MenuController.edit()',NULL,'127.0.0.1','2019-01-23 16:07:18'),(1473,1,'admin','登录',23,'com.xzbd.system.controller.LoginController.ajaxLogin()',NULL,'127.0.0.1','2019-01-23 16:11:28'),(1474,1,'admin','请求访问主页',109,'com.xzbd.system.controller.LoginController.index()',NULL,'127.0.0.1','2019-01-23 16:11:28'),(1475,1,'admin','登录',48,'com.xzbd.system.controller.LoginController.ajaxLogin()',NULL,'127.0.0.1','2019-01-23 16:22:19'),(1476,1,'admin','请求访问主页',127,'com.xzbd.system.controller.LoginController.index()',NULL,'127.0.0.1','2019-01-23 16:22:19'),(1477,1,'admin','登录',8,'com.xzbd.system.controller.LoginController.ajaxLogin()',NULL,'127.0.0.1','2019-01-23 16:29:49'),(1478,1,'admin','请求访问主页',13,'com.xzbd.system.controller.LoginController.index()',NULL,'127.0.0.1','2019-01-23 16:29:49'),(1479,1,'admin','登录',6,'com.xzbd.system.controller.LoginController.ajaxLogin()',NULL,'127.0.0.1','2019-01-23 16:31:31'),(1480,1,'admin','请求访问主页',84,'com.xzbd.system.controller.LoginController.index()',NULL,'127.0.0.1','2019-01-23 16:31:31'),(1481,1,'admin','登录',4,'com.xzbd.system.controller.LoginController.ajaxLogin()',NULL,'127.0.0.1','2019-01-23 16:32:04'),(1482,1,'admin','请求访问主页',8,'com.xzbd.system.controller.LoginController.index()',NULL,'127.0.0.1','2019-01-23 16:32:04'),(1483,1,'admin','登录',31,'com.xzbd.system.controller.LoginController.ajaxLogin()',NULL,'127.0.0.1','2019-01-23 16:32:51'),(1484,1,'admin','请求访问主页',133,'com.xzbd.system.controller.LoginController.index()',NULL,'127.0.0.1','2019-01-23 16:32:51'),(1485,1,'admin','登录',29,'com.xzbd.system.controller.LoginController.ajaxLogin()',NULL,'127.0.0.1','2019-01-23 16:41:46'),(1486,1,'admin','请求访问主页',157,'com.xzbd.system.controller.LoginController.index()',NULL,'127.0.0.1','2019-01-23 16:41:47'),(1487,1,'admin','登录',56,'com.xzbd.system.controller.LoginController.ajaxLogin()',NULL,'127.0.0.1','2019-01-23 17:13:54'),(1488,1,'admin','请求访问主页',130,'com.xzbd.system.controller.LoginController.index()',NULL,'127.0.0.1','2019-01-23 17:13:54'),(1489,1,'admin','登录',6,'com.xzbd.system.controller.LoginController.ajaxLogin()',NULL,'127.0.0.1','2019-01-23 17:17:35'),(1490,1,'admin','请求访问主页',11,'com.xzbd.system.controller.LoginController.index()',NULL,'127.0.0.1','2019-01-23 17:17:35'),(1491,1,'admin','登录',34,'com.xzbd.system.controller.LoginController.ajaxLogin()',NULL,'127.0.0.1','2019-01-23 17:19:18'),(1492,1,'admin','请求访问主页',124,'com.xzbd.system.controller.LoginController.index()',NULL,'127.0.0.1','2019-01-23 17:19:18'),(1493,1,'admin','登录',48,'com.xzbd.system.controller.LoginController.ajaxLogin()',NULL,'127.0.0.1','2019-01-23 17:35:24'),(1494,1,'admin','请求访问主页',124,'com.xzbd.system.controller.LoginController.index()',NULL,'127.0.0.1','2019-01-23 17:35:25'),(1495,1,'admin','登录',5,'com.xzbd.system.controller.LoginController.ajaxLogin()',NULL,'127.0.0.1','2019-01-23 17:36:22'),(1496,1,'admin','请求访问主页',16,'com.xzbd.system.controller.LoginController.index()',NULL,'127.0.0.1','2019-01-23 17:36:23'),(1497,1,'admin','请求访问主页',15,'com.xzbd.system.controller.LoginController.index()',NULL,'127.0.0.1','2019-01-23 17:42:54'),(1498,1,'admin','登录',37,'com.xzbd.system.controller.LoginController.ajaxLogin()',NULL,'127.0.0.1','2019-01-23 17:50:46'),(1499,1,'admin','请求访问主页',113,'com.xzbd.system.controller.LoginController.index()',NULL,'127.0.0.1','2019-01-23 17:50:46'),(1500,1,'admin','登录',22,'com.xzbd.system.controller.LoginController.ajaxLogin()',NULL,'127.0.0.1','2019-01-23 18:34:36'),(1501,1,'admin','请求访问主页',109,'com.xzbd.system.controller.LoginController.index()',NULL,'127.0.0.1','2019-01-23 18:34:36'),(1502,1,'admin','请求访问主页',19,'com.xzbd.system.controller.LoginController.index()',NULL,'127.0.0.1','2019-01-23 18:38:38'),(1503,1,'admin','登录',6,'com.xzbd.system.controller.LoginController.ajaxLogin()',NULL,'127.0.0.1','2019-01-23 18:39:18'),(1504,1,'admin','请求访问主页',14,'com.xzbd.system.controller.LoginController.index()',NULL,'127.0.0.1','2019-01-23 18:39:18'),(1505,1,'admin','登录',21,'com.xzbd.system.controller.LoginController.ajaxLogin()',NULL,'127.0.0.1','2019-01-23 18:46:54'),(1506,1,'admin','请求访问主页',128,'com.xzbd.system.controller.LoginController.index()',NULL,'127.0.0.1','2019-01-23 18:46:54'),(1507,1,'admin','登录',6,'com.xzbd.system.controller.LoginController.ajaxLogin()',NULL,'127.0.0.1','2019-01-23 18:48:00'),(1508,1,'admin','请求访问主页',11,'com.xzbd.system.controller.LoginController.index()',NULL,'127.0.0.1','2019-01-23 18:48:00'),(1509,1,'admin','登录',4,'com.xzbd.system.controller.LoginController.ajaxLogin()',NULL,'127.0.0.1','2019-01-23 18:49:25'),(1510,1,'admin','请求访问主页',11,'com.xzbd.system.controller.LoginController.index()',NULL,'127.0.0.1','2019-01-23 18:49:25'),(1511,1,'admin','登录',34,'com.xzbd.system.controller.LoginController.ajaxLogin()',NULL,'127.0.0.1','2019-01-23 19:04:48'),(1512,1,'admin','请求访问主页',132,'com.xzbd.system.controller.LoginController.index()',NULL,'127.0.0.1','2019-01-23 19:04:49'),(1513,1,'admin','登录',22,'com.xzbd.system.controller.LoginController.ajaxLogin()',NULL,'127.0.0.1','2019-01-23 19:13:04'),(1514,1,'admin','请求访问主页',85,'com.xzbd.system.controller.LoginController.index()',NULL,'127.0.0.1','2019-01-23 19:13:05'),(1515,1,'admin','登录',45,'com.xzbd.system.controller.LoginController.ajaxLogin()',NULL,'127.0.0.1','2019-01-24 10:16:55'),(1516,1,'admin','请求访问主页',177,'com.xzbd.system.controller.LoginController.index()',NULL,'127.0.0.1','2019-01-24 10:16:55'),(1517,1,'admin','登录',31,'com.xzbd.system.controller.LoginController.ajaxLogin()',NULL,'127.0.0.1','2019-01-24 10:55:39'),(1518,1,'admin','请求访问主页',113,'com.xzbd.system.controller.LoginController.index()',NULL,'127.0.0.1','2019-01-24 10:55:39'),(1519,1,'admin','登录',5,'com.xzbd.system.controller.LoginController.ajaxLogin()',NULL,'127.0.0.1','2019-01-24 10:57:59'),(1520,1,'admin','请求访问主页',13,'com.xzbd.system.controller.LoginController.index()',NULL,'127.0.0.1','2019-01-24 10:57:59'),(1521,1,'admin','登录',28,'com.xzbd.system.controller.LoginController.ajaxLogin()',NULL,'127.0.0.1','2019-01-24 11:41:58'),(1522,1,'admin','请求访问主页',132,'com.xzbd.system.controller.LoginController.index()',NULL,'127.0.0.1','2019-01-24 11:41:59'),(1523,1,'admin','编辑菜单',6,'com.xzbd.system.controller.MenuController.edit()',NULL,'127.0.0.1','2019-01-24 11:49:07'),(1524,1,'admin','请求访问主页',12,'com.xzbd.system.controller.LoginController.index()',NULL,'127.0.0.1','2019-01-24 11:50:02'),(1525,1,'admin','请求访问主页',12,'com.xzbd.system.controller.LoginController.index()',NULL,'127.0.0.1','2019-01-24 11:50:04'),(1526,1,'admin','请求访问主页',10,'com.xzbd.system.controller.LoginController.index()',NULL,'127.0.0.1','2019-01-24 11:50:05'),(1527,1,'admin','登录',25,'com.xzbd.system.controller.LoginController.ajaxLogin()',NULL,'127.0.0.1','2019-01-24 11:51:25'),(1528,1,'admin','请求访问主页',127,'com.xzbd.system.controller.LoginController.index()',NULL,'127.0.0.1','2019-01-24 11:51:25'),(1529,1,'admin','请求访问主页',13,'com.xzbd.system.controller.LoginController.index()',NULL,'127.0.0.1','2019-01-24 12:00:55'),(1530,1,'admin','请求访问主页',16,'com.xzbd.system.controller.LoginController.index()',NULL,'127.0.0.1','2019-01-24 12:01:02'),(1531,1,'admin','登录',9,'com.xzbd.system.controller.LoginController.ajaxLogin()',NULL,'127.0.0.1','2019-01-24 13:02:39'),(1532,1,'admin','请求访问主页',18,'com.xzbd.system.controller.LoginController.index()',NULL,'127.0.0.1','2019-01-24 13:02:39'),(1533,1,'admin','请求访问主页',10,'com.xzbd.system.controller.LoginController.index()',NULL,'127.0.0.1','2019-01-24 13:02:58'),(1534,1,'admin','请求访问主页',10,'com.xzbd.system.controller.LoginController.index()',NULL,'127.0.0.1','2019-01-24 13:04:13'),(1535,1,'admin','请求访问主页',12,'com.xzbd.system.controller.LoginController.index()',NULL,'127.0.0.1','2019-01-24 13:10:17'),(1536,1,'admin','请求访问主页',11,'com.xzbd.system.controller.LoginController.index()',NULL,'127.0.0.1','2019-01-24 13:12:01'),(1537,1,'admin','请求访问主页',10,'com.xzbd.system.controller.LoginController.index()',NULL,'127.0.0.1','2019-01-24 13:13:02'),(1538,1,'admin','登录',4,'com.xzbd.system.controller.LoginController.ajaxLogin()',NULL,'127.0.0.1','2019-01-24 13:13:08'),(1539,1,'admin','请求访问主页',12,'com.xzbd.system.controller.LoginController.index()',NULL,'127.0.0.1','2019-01-24 13:13:08'),(1540,1,'admin','请求访问主页',12,'com.xzbd.system.controller.LoginController.index()',NULL,'127.0.0.1','2019-01-24 13:14:01'),(1541,1,'admin','请求访问主页',23,'com.xzbd.system.controller.LoginController.index()',NULL,'127.0.0.1','2019-01-24 13:14:20'),(1542,1,'admin','编辑菜单',8,'com.xzbd.system.controller.MenuController.edit()',NULL,'127.0.0.1','2019-01-24 13:16:02'),(1543,1,'admin','请求访问主页',10,'com.xzbd.system.controller.LoginController.index()',NULL,'127.0.0.1','2019-01-24 13:21:07'),(1544,1,'admin','请求访问主页',25,'com.xzbd.system.controller.LoginController.index()',NULL,'127.0.0.1','2019-01-24 13:24:14'),(1545,1,'admin','登录',22,'com.xzbd.system.controller.LoginController.ajaxLogin()',NULL,'127.0.0.1','2019-01-24 13:36:28'),(1546,1,'admin','请求访问主页',117,'com.xzbd.system.controller.LoginController.index()',NULL,'127.0.0.1','2019-01-24 13:36:29'),(1547,1,'admin','请求访问主页',13,'com.xzbd.system.controller.LoginController.index()',NULL,'127.0.0.1','2019-01-24 13:41:44'),(1548,1,'admin','请求访问主页',12,'com.xzbd.system.controller.LoginController.index()',NULL,'127.0.0.1','2019-01-24 13:41:58'),(1549,1,'admin','登录',6,'com.xzbd.system.controller.LoginController.ajaxLogin()',NULL,'127.0.0.1','2019-01-24 13:42:17'),(1550,1,'admin','请求访问主页',15,'com.xzbd.system.controller.LoginController.index()',NULL,'127.0.0.1','2019-01-24 13:42:17'),(1551,1,'admin','请求访问主页',22,'com.xzbd.system.controller.LoginController.index()',NULL,'127.0.0.1','2019-01-24 13:46:20'),(1552,1,'admin','登录',42,'com.xzbd.system.controller.LoginController.ajaxLogin()',NULL,'127.0.0.1','2019-01-24 13:47:21'),(1553,1,'admin','请求访问主页',105,'com.xzbd.system.controller.LoginController.index()',NULL,'127.0.0.1','2019-01-24 13:47:21'),(1554,1,'admin','请求访问主页',17,'com.xzbd.system.controller.LoginController.index()',NULL,'127.0.0.1','2019-01-24 13:49:08'),(1555,1,'admin','登录',7,'com.xzbd.system.controller.LoginController.ajaxLogin()',NULL,'127.0.0.1','2019-01-24 13:49:15'),(1556,1,'admin','请求访问主页',21,'com.xzbd.system.controller.LoginController.index()',NULL,'127.0.0.1','2019-01-24 13:49:15'),(1557,1,'admin','登录',30,'com.xzbd.system.controller.LoginController.ajaxLogin()',NULL,'127.0.0.1','2019-01-24 14:02:59'),(1558,1,'admin','请求访问主页',116,'com.xzbd.system.controller.LoginController.index()',NULL,'127.0.0.1','2019-01-24 14:02:59'),(1559,1,'admin','请求访问主页',16,'com.xzbd.system.controller.LoginController.index()',NULL,'127.0.0.1','2019-01-24 14:04:09'),(1560,1,'admin','请求访问主页',15,'com.xzbd.system.controller.LoginController.index()',NULL,'127.0.0.1','2019-01-24 14:06:31'),(1561,1,'admin','请求访问主页',12,'com.xzbd.system.controller.LoginController.index()',NULL,'127.0.0.1','2019-01-24 14:08:16'),(1562,1,'admin','请求访问主页',11,'com.xzbd.system.controller.LoginController.index()',NULL,'127.0.0.1','2019-01-24 14:08:18'),(1563,1,'admin','请求访问主页',15,'com.xzbd.system.controller.LoginController.index()',NULL,'127.0.0.1','2019-01-24 14:08:21'),(1564,1,'admin','请求访问主页',9,'com.xzbd.system.controller.LoginController.index()',NULL,'127.0.0.1','2019-01-24 14:08:24'),(1565,1,'admin','请求访问主页',7,'com.xzbd.system.controller.LoginController.index()',NULL,'127.0.0.1','2019-01-24 14:08:27'),(1566,1,'admin','请求访问主页',9,'com.xzbd.system.controller.LoginController.index()',NULL,'127.0.0.1','2019-01-24 14:10:07'),(1567,1,'admin','请求访问主页',8,'com.xzbd.system.controller.LoginController.index()',NULL,'127.0.0.1','2019-01-24 14:10:14'),(1568,1,'admin','请求访问主页',9,'com.xzbd.system.controller.LoginController.index()',NULL,'127.0.0.1','2019-01-24 14:10:38'),(1569,1,'admin','请求访问主页',9,'com.xzbd.system.controller.LoginController.index()',NULL,'127.0.0.1','2019-01-24 14:11:09'),(1570,1,'admin','请求访问主页',7,'com.xzbd.system.controller.LoginController.index()',NULL,'127.0.0.1','2019-01-24 14:12:20'),(1571,1,'admin','请求访问主页',10,'com.xzbd.system.controller.LoginController.index()',NULL,'127.0.0.1','2019-01-24 14:13:38'),(1572,1,'admin','请求访问主页',8,'com.xzbd.system.controller.LoginController.index()',NULL,'127.0.0.1','2019-01-24 14:13:41'),(1573,1,'admin','请求访问主页',11,'com.xzbd.system.controller.LoginController.index()',NULL,'127.0.0.1','2019-01-24 14:16:07'),(1574,1,'admin','请求访问主页',60,'com.xzbd.system.controller.LoginController.index()',NULL,'127.0.0.1','2019-01-24 15:11:12'),(1575,1,'admin','请求访问主页',8,'com.xzbd.system.controller.LoginController.index()',NULL,'127.0.0.1','2019-01-24 15:11:15'),(1576,1,'admin','登录',26,'com.xzbd.system.controller.LoginController.ajaxLogin()',NULL,'127.0.0.1','2019-01-24 15:13:30'),(1577,1,'admin','请求访问主页',120,'com.xzbd.system.controller.LoginController.index()',NULL,'127.0.0.1','2019-01-24 15:13:30'),(1578,1,'admin','登录',6,'com.xzbd.system.controller.LoginController.ajaxLogin()',NULL,'127.0.0.1','2019-01-24 15:14:39'),(1579,1,'admin','请求访问主页',13,'com.xzbd.system.controller.LoginController.index()',NULL,'127.0.0.1','2019-01-24 15:14:39'),(1580,1,'admin','登录',5,'com.xzbd.system.controller.LoginController.ajaxLogin()',NULL,'127.0.0.1','2019-01-24 15:19:26'),(1581,1,'admin','请求访问主页',11,'com.xzbd.system.controller.LoginController.index()',NULL,'127.0.0.1','2019-01-24 15:19:26'),(1582,1,'admin','登录',5,'com.xzbd.system.controller.LoginController.ajaxLogin()',NULL,'127.0.0.1','2019-01-24 15:22:23'),(1583,1,'admin','请求访问主页',14,'com.xzbd.system.controller.LoginController.index()',NULL,'127.0.0.1','2019-01-24 15:22:23'),(1584,1,'admin','登录',5,'com.xzbd.system.controller.LoginController.ajaxLogin()',NULL,'127.0.0.1','2019-01-24 15:22:44'),(1585,1,'admin','请求访问主页',11,'com.xzbd.system.controller.LoginController.index()',NULL,'127.0.0.1','2019-01-24 15:22:44'),(1586,1,'admin','登录',5,'com.xzbd.system.controller.LoginController.ajaxLogin()',NULL,'127.0.0.1','2019-01-24 15:23:34'),(1587,1,'admin','请求访问主页',9,'com.xzbd.system.controller.LoginController.index()',NULL,'127.0.0.1','2019-01-24 15:23:34'),(1588,1,'admin','请求访问主页',8,'com.xzbd.system.controller.LoginController.index()',NULL,'127.0.0.1','2019-01-24 15:24:19'),(1589,1,'admin','登录',24,'com.xzbd.system.controller.LoginController.ajaxLogin()',NULL,'127.0.0.1','2019-01-24 15:39:39'),(1590,1,'admin','请求访问主页',104,'com.xzbd.system.controller.LoginController.index()',NULL,'127.0.0.1','2019-01-24 15:39:39'),(1591,1,'admin','登录',27,'com.xzbd.system.controller.LoginController.ajaxLogin()',NULL,'127.0.0.1','2019-01-24 15:48:50'),(1592,1,'admin','请求访问主页',107,'com.xzbd.system.controller.LoginController.index()',NULL,'127.0.0.1','2019-01-24 15:48:50'),(1593,1,'admin','登录',25,'com.xzbd.system.controller.LoginController.ajaxLogin()',NULL,'127.0.0.1','2019-01-24 15:54:06'),(1594,1,'admin','请求访问主页',124,'com.xzbd.system.controller.LoginController.index()',NULL,'127.0.0.1','2019-01-24 15:54:06'),(1595,1,'admin','请求访问主页',12,'com.xzbd.system.controller.LoginController.index()',NULL,'127.0.0.1','2019-01-24 15:54:27'),(1596,1,'admin','error',NULL,'http://localhost:8099/index','org.springframework.web.HttpRequestMethodNotSupportedException: Request method \'POST\' not supported',NULL,'2019-01-24 15:58:45'),(1597,1,'admin','请求访问主页',8,'com.xzbd.system.controller.LoginController.index()',NULL,'127.0.0.1','2019-01-24 15:58:53'),(1598,1,'admin','error',NULL,'http://localhost:8099/index','org.springframework.web.HttpRequestMethodNotSupportedException: Request method \'POST\' not supported',NULL,'2019-01-24 15:59:09'),(1599,1,'admin','请求访问主页',15,'com.xzbd.system.controller.LoginController.index()',NULL,'127.0.0.1','2019-01-24 15:59:23'),(1600,1,'admin','请求访问主页',13,'com.xzbd.system.controller.LoginController.index()',NULL,'127.0.0.1','2019-01-24 16:04:44'),(1601,1,'admin','登录',314,'com.xzbd.system.controller.LoginController.ajaxLogin()',NULL,'127.0.0.1','2019-01-24 17:37:58'),(1602,1,'admin','请求访问主页',46,'com.xzbd.system.controller.LoginController.index()',NULL,'127.0.0.1','2019-01-24 17:37:58'),(1603,1,'admin','请求访问主页',16,'com.xzbd.system.controller.LoginController.index()',NULL,'127.0.0.1','2019-01-24 17:40:18'),(1604,1,'admin','登录',38,'com.xzbd.system.controller.LoginController.ajaxLogin()',NULL,'127.0.0.1','2019-01-24 17:55:46'),(1605,1,'admin','请求访问主页',136,'com.xzbd.system.controller.LoginController.index()',NULL,'127.0.0.1','2019-01-24 17:55:46'),(1606,1,'admin','登录',8,'com.xzbd.system.controller.LoginController.ajaxLogin()',NULL,'127.0.0.1','2019-01-25 10:02:09'),(1607,1,'admin','请求访问主页',55,'com.xzbd.system.controller.LoginController.index()',NULL,'127.0.0.1','2019-01-25 10:02:09'),(1608,1,'admin','登录',21,'com.xzbd.system.controller.LoginController.ajaxLogin()',NULL,'127.0.0.1','2019-01-25 10:31:21'),(1609,1,'admin','请求访问主页',142,'com.xzbd.system.controller.LoginController.index()',NULL,'127.0.0.1','2019-01-25 10:31:21'),(1610,1,'admin','登录',24,'com.xzbd.system.controller.LoginController.ajaxLogin()',NULL,'127.0.0.1','2019-01-25 10:38:38'),(1611,1,'admin','请求访问主页',178,'com.xzbd.system.controller.LoginController.index()',NULL,'127.0.0.1','2019-01-25 10:38:39'),(1612,1,'admin','登录',26,'com.xzbd.system.controller.LoginController.ajaxLogin()',NULL,'127.0.0.1','2019-01-25 12:51:04'),(1613,1,'admin','请求访问主页',112,'com.xzbd.system.controller.LoginController.index()',NULL,'127.0.0.1','2019-01-25 12:51:04'),(1614,1,'admin','登录',5,'com.xzbd.system.controller.LoginController.ajaxLogin()',NULL,'127.0.0.1','2019-01-25 12:52:03'),(1615,1,'admin','请求访问主页',14,'com.xzbd.system.controller.LoginController.index()',NULL,'127.0.0.1','2019-01-25 12:52:03'),(1616,1,'admin','请求访问主页',10,'com.xzbd.system.controller.LoginController.index()',NULL,'127.0.0.1','2019-01-25 12:53:38'),(1617,1,'admin','登录',4,'com.xzbd.system.controller.LoginController.ajaxLogin()',NULL,'127.0.0.1','2019-01-25 12:53:48'),(1618,1,'admin','请求访问主页',11,'com.xzbd.system.controller.LoginController.index()',NULL,'127.0.0.1','2019-01-25 12:53:49'),(1619,1,'admin','登录',4,'com.xzbd.system.controller.LoginController.ajaxLogin()',NULL,'127.0.0.1','2019-01-25 12:57:06'),(1620,1,'admin','请求访问主页',7,'com.xzbd.system.controller.LoginController.index()',NULL,'127.0.0.1','2019-01-25 12:57:06'),(1621,1,'admin','error',NULL,'http://localhost:8099/mail/biEmailSenderConfig/update','org.springframework.jdbc.UncategorizedSQLException: \r\n### Error updating database.  Cause: java.sql.SQLException: sql injection violation, syntax error: ERROR. token : AND, pos : 221 : update bi_email_sender_config \n		 SET `email_name` = ?, \n			`email_addr` = ?, \n			`email_pwd` = ?, \n			`email_maintainer_addrs` = ?, \n			\n			\n			\n			`last_option_time` = ?, \n			`last_option_man` = ?, \n			\n			\n			\n\n			 and mail_transport_protocol = ? \n			 and mail_smtp_host = ? \n			 and mail_smtp_auth = ? \n			 and mail_smtp_connection_timeout = ? \n			 and mail_smtp_timeout = ? \n		where id = ?\r\n### SQL: update bi_email_sender_config     SET `email_name` = ?,     `email_addr` = ?,     `email_pwd` = ?,     `email_maintainer_addrs` = ?,                 `last_option_time` = ?,     `last_option_man` = ?,                   and mail_transport_protocol = ?      and mail_smtp_host = ?      and mail_smtp_auth = ?      and mail_smtp_connection_timeout = ?      and mail_smtp_timeout = ?    where id = ?\r\n### Cause: java.sql.SQLException: sql injection violation, syntax error: ERROR. token : AND, pos : 221 : update bi_email_sender_config \n		 SET `email_name` = ?, \n			`email_addr` = ?, \n			`email_pwd` = ?, \n			`email_maintainer_addrs` = ?, \n			\n			\n			\n			`last_option_time` = ?, \n			`last_option_man` = ?, \n			\n			\n			\n\n			 and mail_transport_protocol = ? \n			 and mail_smtp_host = ? \n			 and mail_smtp_auth = ? \n			 and mail_smtp_connection_timeout = ? \n			 and mail_smtp_timeout = ? \n		where id = ?\n; uncategorized SQLException; SQL state [null]; error code [0]; sql injection violation, syntax error: ERROR. token : AND, pos : 221 : update bi_email_sender_config \n		 SET `email_name` = ?, \n			`email_addr` = ?, \n			`email_pwd` = ?, \n			`email_maintainer_addrs` = ?, \n			\n			\n			\n			`last_option_time` = ?, \n			`last_option_man` = ?, \n			\n			\n			\n\n			 and mail_transport_protocol = ? \n			 and mail_smtp_host = ? \n			 and mail_smtp_auth = ? \n			 and mail_smtp_connection_timeout = ? \n			 and mail_smtp_timeout = ? \n		where id = ?; nested exception is java.sql.SQLException: sql injection violation, syntax error: ERROR. token : AND, pos : 221 : update bi_email_sender_config \n		 SET `email_name` = ?, \n			`email_addr` = ?, \n			`email_pwd` = ?, \n			`email_maintainer_addrs` = ?, \n			\n			\n			\n			`last_option_time` = ?, \n			`last_option_man` = ?, \n			\n			\n			\n\n			 and mail_transport_protocol = ? \n			 and mail_smtp_host = ? \n			 and mail_smtp_auth = ? \n			 and mail_smtp_connection_timeout = ? \n			 and mail_smtp_timeout = ? \n		where id = ?',NULL,'2019-01-25 12:58:58'),(1622,1,'admin','登录',32,'com.xzbd.system.controller.LoginController.ajaxLogin()',NULL,'127.0.0.1','2019-01-25 13:01:20'),(1623,1,'admin','请求访问主页',113,'com.xzbd.system.controller.LoginController.index()',NULL,'127.0.0.1','2019-01-25 13:01:20'),(1624,1,'admin','error',NULL,'http://localhost:8099/mail/biEmailSenderConfig/update','org.springframework.jdbc.UncategorizedSQLException: \r\n### Error updating database.  Cause: java.sql.SQLException: sql injection violation, syntax error: syntax error, error in :\'			  mail_smtp_host = ? \n			  mail_\',expect IDENTIFIER, actual IDENTIFIER mail_smtp_host : update bi_email_sender_config \n		 SET `email_name` = ?, \n			`email_addr` = ?, \n			`email_pwd` = ?, \n			`email_maintainer_addrs` = ?, \n			\n			\n			\n			`last_option_time` = ?, \n			`last_option_man` = ?, \n			\n			\n			\n\n			  mail_transport_protocol = ? \n			  mail_smtp_host = ? \n			  mail_smtp_auth = ? \n			  mail_smtp_connection_timeout = ? \n			  mail_smtp_timeout = ? \n		where id = ?\r\n### SQL: update bi_email_sender_config     SET `email_name` = ?,     `email_addr` = ?,     `email_pwd` = ?,     `email_maintainer_addrs` = ?,                 `last_option_time` = ?,     `last_option_man` = ?,                    mail_transport_protocol = ?       mail_smtp_host = ?       mail_smtp_auth = ?       mail_smtp_connection_timeout = ?       mail_smtp_timeout = ?    where id = ?\r\n### Cause: java.sql.SQLException: sql injection violation, syntax error: syntax error, error in :\'			  mail_smtp_host = ? \n			  mail_\',expect IDENTIFIER, actual IDENTIFIER mail_smtp_host : update bi_email_sender_config \n		 SET `email_name` = ?, \n			`email_addr` = ?, \n			`email_pwd` = ?, \n			`email_maintainer_addrs` = ?, \n			\n			\n			\n			`last_option_time` = ?, \n			`last_option_man` = ?, \n			\n			\n			\n\n			  mail_transport_protocol = ? \n			  mail_smtp_host = ? \n			  mail_smtp_auth = ? \n			  mail_smtp_connection_timeout = ? \n			  mail_smtp_timeout = ? \n		where id = ?\n; uncategorized SQLException; SQL state [null]; error code [0]; sql injection violation, syntax error: syntax error, error in :\'			  mail_smtp_host = ? \n			  mail_\',expect IDENTIFIER, actual IDENTIFIER mail_smtp_host : update bi_email_sender_config \n		 SET `email_name` = ?, \n			`email_addr` = ?, \n			`email_pwd` = ?, \n			`email_maintainer_addrs` = ?, \n			\n			\n			\n			`last_option_time` = ?, \n			`last_option_man` = ?, \n			\n			\n			\n\n			  mail_transport_protocol = ? \n			  mail_smtp_host = ? \n			  mail_smtp_auth = ? \n			  mail_smtp_connection_timeout = ? \n			  mail_smtp_timeout = ? \n		where id = ?; nested exception is java.sql.SQLException: sql injection violation, syntax error: syntax error, error in :\'			  mail_smtp_host = ? \n			  mail_\',expect IDENTIFIER, actual IDENTIFIER mail_smtp_host : update bi_email_sender_config \n		 SET `email_name` = ?, \n			`email_addr` = ?, \n			`email_pwd` = ?, \n			`email_maintainer_addrs` = ?, \n			\n			\n			\n			`last_option_time` = ?, \n			`last_option_man` = ?, \n			\n			\n			\n\n			  mail_transport_protocol = ? \n			  mail_smtp_host = ? \n			  mail_smtp_auth = ? \n			  mail_smtp_connection_timeout = ? \n			  mail_smtp_timeout = ? \n		where id = ?',NULL,'2019-01-25 13:02:36'),(1625,1,'admin','登录',32,'com.xzbd.system.controller.LoginController.ajaxLogin()',NULL,'127.0.0.1','2019-01-25 13:07:13'),(1626,1,'admin','请求访问主页',125,'com.xzbd.system.controller.LoginController.index()',NULL,'127.0.0.1','2019-01-25 13:07:13'),(1627,1,'admin','登录',8,'com.xzbd.system.controller.LoginController.ajaxLogin()',NULL,'127.0.0.1','2019-01-25 13:07:29'),(1628,1,'admin','请求访问主页',18,'com.xzbd.system.controller.LoginController.index()',NULL,'127.0.0.1','2019-01-25 13:07:29'),(1629,1,'admin','登录',36,'com.xzbd.system.controller.LoginController.ajaxLogin()',NULL,'127.0.0.1','2019-01-25 13:10:15'),(1630,1,'admin','请求访问主页',122,'com.xzbd.system.controller.LoginController.index()',NULL,'127.0.0.1','2019-01-25 13:10:15'),(1631,1,'admin','登录',71,'com.xzbd.system.controller.LoginController.ajaxLogin()',NULL,'127.0.0.1','2019-01-25 13:19:48'),(1632,1,'admin','请求访问主页',91,'com.xzbd.system.controller.LoginController.index()',NULL,'127.0.0.1','2019-01-25 13:19:49'),(1633,1,'admin','登录',17,'com.xzbd.system.controller.LoginController.ajaxLogin()',NULL,'127.0.0.1','2019-01-25 14:07:24'),(1634,1,'admin','请求访问主页',30,'com.xzbd.system.controller.LoginController.index()',NULL,'127.0.0.1','2019-01-25 14:07:24'),(1635,1,'admin','请求访问主页',8,'com.xzbd.system.controller.LoginController.index()',NULL,'127.0.0.1','2019-01-25 14:19:11');

/*Table structure for table `sys_menu` */

DROP TABLE IF EXISTS `sys_menu`;

CREATE TABLE `sys_menu` (
  `menu_id` bigint(20) NOT NULL AUTO_INCREMENT,
  `parent_id` bigint(20) DEFAULT NULL COMMENT '父菜单ID，一级菜单为0',
  `name` varchar(50) DEFAULT NULL COMMENT '菜单名称',
  `url` varchar(200) DEFAULT NULL COMMENT '菜单URL',
  `perms` varchar(500) DEFAULT NULL COMMENT '授权(多个用逗号分隔，如：user:list,user:create)',
  `type` int(11) DEFAULT NULL COMMENT '类型   0：目录   1：菜单   2：按钮',
  `icon` varchar(50) DEFAULT NULL COMMENT '菜单图标',
  `order_num` int(11) DEFAULT NULL COMMENT '排序',
  `gmt_create` datetime DEFAULT NULL COMMENT '创建时间',
  `gmt_modified` datetime DEFAULT NULL COMMENT '修改时间',
  PRIMARY KEY (`menu_id`)
) ENGINE=InnoDB AUTO_INCREMENT=135 DEFAULT CHARSET=utf8 COMMENT='菜单管理';

/*Data for the table `sys_menu` */

insert  into `sys_menu`(`menu_id`,`parent_id`,`name`,`url`,`perms`,`type`,`icon`,`order_num`,`gmt_create`,`gmt_modified`) values (1,0,'基础管理','','',0,'fa fa-bars',0,'2017-08-09 22:49:47',NULL),(2,3,'系统菜单','sys/menu/','sys:menu:menu',1,'fa fa-th-list',2,'2017-08-09 22:55:15',NULL),(3,0,'系统管理',NULL,NULL,0,'fa fa-desktop',1,'2017-08-09 23:06:55','2017-08-14 14:13:43'),(6,3,'用户管理','sys/user/','sys:user:user',1,'fa fa-user',0,'2017-08-10 14:12:11',NULL),(7,3,'角色管理','sys/role','sys:role:role',1,'fa fa-paw',1,'2017-08-10 14:13:19',NULL),(12,6,'新增','','sys:user:add',2,'',0,'2017-08-14 10:51:35',NULL),(13,6,'编辑','','sys:user:edit',2,'',0,'2017-08-14 10:52:06',NULL),(14,6,'删除',NULL,'sys:user:remove',2,NULL,0,'2017-08-14 10:52:24',NULL),(15,7,'新增','','sys:role:add',2,'',0,'2017-08-14 10:56:37',NULL),(20,2,'新增','','sys:menu:add',2,'',0,'2017-08-14 10:59:32',NULL),(21,2,'编辑','','sys:menu:edit',2,'',0,'2017-08-14 10:59:56',NULL),(22,2,'删除','','sys:menu:remove',2,'',0,'2017-08-14 11:00:26',NULL),(24,6,'批量删除','','sys:user:batchRemove',2,'',0,'2017-08-14 17:27:18',NULL),(25,6,'停用',NULL,'sys:user:disable',2,NULL,0,'2017-08-14 17:27:43',NULL),(26,6,'重置密码','','sys:user:resetPwd',2,'',0,'2017-08-14 17:28:34',NULL),(27,91,'系统日志','common/log','common:log',1,'fa fa-warning',0,'2017-08-14 22:11:53',NULL),(28,27,'刷新',NULL,'sys:log:list',2,NULL,0,'2017-08-14 22:30:22',NULL),(29,27,'删除',NULL,'sys:log:remove',2,NULL,0,'2017-08-14 22:30:43',NULL),(30,27,'清空',NULL,'sys:log:clear',2,NULL,0,'2017-08-14 22:31:02',NULL),(48,77,'代码生成','common/generator','common:generator',1,'fa fa-code',3,NULL,NULL),(55,7,'编辑','','sys:role:edit',2,'',NULL,NULL,NULL),(56,7,'删除','','sys:role:remove',2,NULL,NULL,NULL,NULL),(57,91,'运行监控','/druid/index.html','',1,'fa fa-caret-square-o-right',1,NULL,NULL),(61,2,'批量删除','','sys:menu:batchRemove',2,NULL,NULL,NULL,NULL),(62,7,'批量删除','','sys:role:batchRemove',2,NULL,NULL,NULL,NULL),(71,1,'文件管理','/common/sysFile','common:sysFile:sysFile',1,'fa fa-folder-open',2,NULL,NULL),(72,77,'计划任务','common/job','common:taskScheduleJob',1,'fa fa-hourglass-1',4,NULL,NULL),(73,3,'部门管理','/system/sysDept','system:sysDept:sysDept',1,'fa fa-users',3,NULL,NULL),(74,73,'增加','/system/sysDept/add','system:sysDept:add',2,NULL,1,NULL,NULL),(75,73,'刪除','system/sysDept/remove','system:sysDept:remove',2,NULL,2,NULL,NULL),(76,73,'编辑','/system/sysDept/edit','system:sysDept:edit',2,NULL,3,NULL,NULL),(77,0,'系统工具','','',0,'fa fa-gear',4,NULL,NULL),(78,1,'数据字典','/common/dict','common:dict:dict',1,'fa fa-book',1,NULL,NULL),(79,78,'增加','/common/dict/add','common:dict:add',2,NULL,2,NULL,NULL),(80,78,'编辑','/common/dict/edit','common:dict:edit',2,NULL,2,NULL,NULL),(81,78,'删除','/common/dict/remove','common:dict:remove',2,'',3,NULL,NULL),(83,78,'批量删除','/common/dict/batchRemove','common:dict:batchRemove',2,'',4,NULL,NULL),(84,0,'办公管理','','',0,'fa fa-laptop',5,NULL,NULL),(85,84,'通知公告','oa/notify','oa:notify:notify',1,'fa fa-pencil-square',NULL,NULL,NULL),(86,85,'新增','oa/notify/add','oa:notify:add',2,'fa fa-plus',1,NULL,NULL),(87,85,'编辑','oa/notify/edit','oa:notify:edit',2,'fa fa-pencil-square-o',2,NULL,NULL),(88,85,'删除','oa/notify/remove','oa:notify:remove',2,'fa fa-minus',NULL,NULL,NULL),(89,85,'批量删除','oa/notify/batchRemove','oa:notify:batchRemove',2,'',NULL,NULL,NULL),(90,84,'我的通知','oa/notify/selfNotify','',1,'fa fa-envelope-square',NULL,NULL,NULL),(91,0,'系统监控','','',0,'fa fa-video-camera',5,NULL,NULL),(92,91,'在线用户','sys/online','',1,'fa fa-user',NULL,NULL,NULL),(104,77,'swagger','/swagger-ui.html','',1,'',NULL,NULL,NULL),(105,0,'邮件管理','','',0,'fa fa-envelope-o',6,NULL,NULL),(106,105,'发件人邮箱配置','/mail/biEmailSenderConfig','mail:biEmailSenderConfig:biEmailSenderConfig',1,'',2,NULL,NULL),(107,105,'收件组邮箱配置','/mail/biEmailReceiverGroupConfig','mail:biEmailReceiverGroupConfig:biEmailReceiverGroupConfig',1,'',3,NULL,NULL),(108,105,'邮件任务执行日记','/mail/biEmailJobRunDiary/index','mail:biEmailJobRunDiary:biEmailJobRunDiary',1,'',1,NULL,NULL),(109,105,'邮件任务配置','/mail/biEmailJobConfig','mail:biEmailJobConfig:biEmailJobConfig',1,'',4,NULL,NULL),(110,105,'Excel内容配置','/mail/biEmailExcelConfig','mail:biEmailExcelConfig:biEmailExcelConfig',1,'',5,NULL,NULL),(111,105,'Sheet配置','/mail/biEmailSheetConfig','mail:biEmailSheetConfig:biEmailSheetConfig',1,'',6,NULL,NULL),(112,105,'文本内容配置','/mail/biEmailTextContentConfig','mail:biEmailTextContentConfig:biEmailTextContentConfig',1,'',7,NULL,NULL),(113,106,'新增','','mail:biEmailSenderConfig:add',2,'',1,NULL,NULL),(114,106,'批量删除','','mail:biEmailSenderConfig:batchRemove',2,'',2,NULL,NULL),(115,106,'编辑','','mail:biEmailSenderConfig:edit',2,'',3,NULL,NULL),(116,106,'删除','','mail:biEmailSenderConfig:remove',2,'',4,NULL,NULL),(117,107,'新增','','mail:biEmailReceiverGroupConfig:add',2,'',1,NULL,NULL),(118,107,'编辑','','mail:biEmailReceiverGroupConfig:edit',2,'',2,NULL,NULL),(119,107,'删除（单）','','mail:biEmailReceiverGroupConfig:remove',2,'',3,NULL,NULL),(120,112,'新增','','mail:biEmailTextContentConfig:add',2,'',1,NULL,NULL),(121,112,'删除','','mail:biEmailTextContentConfig:remove',2,'',2,NULL,NULL),(122,112,'编辑','','mail:biEmailTextContentConfig:edit',2,'',3,NULL,NULL),(123,111,'新增','','mail:biEmailSheetConfig:add',2,'',1,NULL,NULL),(124,111,'编辑','','mail:biEmailSheetConfig:edit',2,'',2,NULL,NULL),(125,111,'删除（单）','','mail:biEmailSheetConfig:remove',2,'',3,NULL,NULL),(126,110,'新增','','mail:biEmailExcelConfig:add',2,'',1,NULL,NULL),(127,110,'修改','','mail:biEmailExcelConfig:edit',2,'',2,NULL,NULL),(128,110,'删除（单）','','mail:biEmailExcelConfig:remove',2,'',3,NULL,NULL),(129,109,'新增','','mail:biEmailJobConfig:add',2,'',1,NULL,NULL),(130,109,'删除（单）','','mail:biEmailJobConfig:remove',2,'',2,NULL,NULL),(131,109,'编辑','','mail:biEmailJobConfig:edit',2,'',3,NULL,NULL),(132,109,'手动发送','','mail:biEmailJobConfig:send',2,'',4,NULL,NULL),(133,109,'启动或关闭任务','','mail:biEmailJobConfig:st',2,'',5,NULL,NULL),(134,108,'发送','','mail:biEmailJobRunDiary:send',2,'',1,NULL,NULL);

/*Table structure for table `sys_role` */

DROP TABLE IF EXISTS `sys_role`;

CREATE TABLE `sys_role` (
  `role_id` bigint(20) NOT NULL AUTO_INCREMENT,
  `role_name` varchar(100) DEFAULT NULL COMMENT '角色名称',
  `role_sign` varchar(100) DEFAULT NULL COMMENT '角色标识',
  `remark` varchar(100) DEFAULT NULL COMMENT '备注',
  `user_id_create` bigint(255) DEFAULT NULL COMMENT '创建用户id',
  `gmt_create` datetime DEFAULT NULL COMMENT '创建时间',
  `gmt_modified` datetime DEFAULT NULL COMMENT '创建时间',
  PRIMARY KEY (`role_id`)
) ENGINE=InnoDB AUTO_INCREMENT=60 DEFAULT CHARSET=utf8 COMMENT='角色';

/*Data for the table `sys_role` */

insert  into `sys_role`(`role_id`,`role_name`,`role_sign`,`remark`,`user_id_create`,`gmt_create`,`gmt_modified`) values (1,'超级用户角色','admin','拥有最高权限',2,'2017-08-12 00:43:52','2017-08-12 19:14:59'),(59,'普通用户',NULL,'基本用户权限',NULL,NULL,NULL);

/*Table structure for table `sys_role_menu` */

DROP TABLE IF EXISTS `sys_role_menu`;

CREATE TABLE `sys_role_menu` (
  `id` bigint(20) NOT NULL AUTO_INCREMENT,
  `role_id` bigint(20) DEFAULT NULL COMMENT '角色ID',
  `menu_id` bigint(20) DEFAULT NULL COMMENT '菜单ID',
  PRIMARY KEY (`id`)
) ENGINE=InnoDB AUTO_INCREMENT=4081 DEFAULT CHARSET=utf8 COMMENT='角色与菜单对应关系';

/*Data for the table `sys_role_menu` */

insert  into `sys_role_menu`(`id`,`role_id`,`menu_id`) values (367,44,1),(372,44,28),(373,44,29),(374,44,30),(377,44,27),(379,46,3),(380,46,20),(381,46,21),(382,46,22),(385,46,12),(386,46,13),(387,46,14),(388,46,24),(389,46,25),(390,46,26),(391,46,15),(392,46,2),(393,46,6),(394,46,7),(746,51,27),(747,51,28),(748,51,29),(749,51,30),(750,51,1),(1095,55,2),(1096,55,6),(1097,55,7),(1098,55,3),(1101,55,1),(1856,53,28),(1857,53,29),(1858,53,30),(1859,53,27),(1860,53,57),(1861,53,71),(1862,53,48),(1863,53,72),(1864,53,1),(1865,53,7),(1866,53,55),(1867,53,56),(1868,53,62),(1869,53,15),(1870,53,2),(1871,53,61),(1872,53,20),(1873,53,21),(1874,53,22),(2243,48,72),(2248,63,84),(2249,63,85),(2250,63,88),(2251,63,87),(2252,64,84),(2253,64,89),(2254,64,88),(2255,64,87),(2256,64,86),(2257,64,85),(2258,65,89),(2259,65,88),(2260,65,86),(2262,67,48),(2263,68,88),(2264,68,87),(2265,69,89),(2266,69,88),(2267,69,86),(2268,69,87),(2269,69,85),(2270,69,84),(2271,70,85),(2272,70,89),(2273,70,88),(2274,70,87),(2275,70,86),(2276,70,84),(2277,71,87),(2279,73,48),(2280,74,88),(2281,74,87),(2282,75,88),(2283,75,87),(2284,76,85),(2285,76,89),(2286,76,88),(2287,76,87),(2288,76,86),(2289,76,84),(2292,78,88),(2293,78,87),(2294,78,NULL),(2295,78,NULL),(2296,78,NULL),(2308,80,87),(2309,80,86),(2311,80,84),(2312,80,85),(2328,79,72),(2329,79,48),(2330,79,77),(2331,79,84),(2332,79,89),(2333,79,88),(2334,79,87),(2335,79,86),(2336,79,85),(2338,77,89),(2339,77,88),(2340,77,87),(2341,77,86),(2342,77,85),(2343,77,84),(2344,77,72),(2346,77,77),(3236,59,90),(3237,59,89),(3238,59,88),(3239,59,87),(3240,59,86),(3246,59,76),(3247,59,75),(3248,59,74),(3249,59,62),(3250,59,56),(3251,59,55),(3252,59,15),(3253,59,26),(3254,59,25),(3255,59,24),(3256,59,14),(3257,59,13),(3258,59,12),(3259,59,61),(3260,59,22),(3261,59,21),(3262,59,20),(3263,59,83),(3264,59,81),(3265,59,80),(3266,59,79),(3267,59,71),(3272,59,85),(3273,59,84),(3276,59,73),(3277,59,7),(3278,59,6),(3279,59,2),(3280,59,3),(3281,59,78),(3282,59,1),(4017,1,122),(4018,1,121),(4019,1,120),(4020,1,125),(4021,1,124),(4022,1,123),(4023,1,128),(4024,1,127),(4025,1,126),(4026,1,133),(4027,1,132),(4028,1,131),(4029,1,130),(4030,1,129),(4031,1,119),(4032,1,118),(4033,1,117),(4034,1,116),(4035,1,115),(4036,1,114),(4037,1,113),(4038,1,92),(4039,1,57),(4040,1,30),(4041,1,29),(4042,1,28),(4043,1,104),(4044,1,72),(4045,1,48),(4046,1,76),(4047,1,75),(4048,1,74),(4049,1,62),(4050,1,56),(4051,1,55),(4052,1,15),(4053,1,26),(4054,1,25),(4055,1,24),(4056,1,14),(4057,1,13),(4058,1,12),(4059,1,61),(4060,1,22),(4061,1,21),(4062,1,20),(4063,1,112),(4064,1,111),(4065,1,110),(4066,1,109),(4067,1,107),(4068,1,106),(4069,1,27),(4070,1,91),(4071,1,77),(4072,1,73),(4073,1,7),(4074,1,6),(4075,1,2),(4076,1,3),(4077,1,108),(4078,1,134),(4079,1,105),(4080,1,-1);

/*Table structure for table `sys_task` */

DROP TABLE IF EXISTS `sys_task`;

CREATE TABLE `sys_task` (
  `id` bigint(20) NOT NULL AUTO_INCREMENT,
  `cron_expression` varchar(255) DEFAULT NULL COMMENT 'cron表达式',
  `method_name` varchar(255) DEFAULT NULL COMMENT '任务调用的方法名',
  `is_concurrent` varchar(255) DEFAULT NULL COMMENT '任务是否有状态',
  `description` varchar(255) DEFAULT NULL COMMENT '任务描述',
  `update_by` varchar(64) DEFAULT NULL COMMENT '更新者',
  `bean_class` varchar(255) DEFAULT NULL COMMENT '任务执行时调用哪个类的方法 包名+类名',
  `create_date` datetime DEFAULT NULL COMMENT '创建时间',
  `job_status` varchar(255) DEFAULT NULL COMMENT '任务状态',
  `job_group` varchar(255) DEFAULT NULL COMMENT '任务分组',
  `update_date` datetime DEFAULT NULL COMMENT '更新时间',
  `create_by` varchar(64) DEFAULT NULL COMMENT '创建者',
  `spring_bean` varchar(255) DEFAULT NULL COMMENT 'Spring bean',
  `job_name` varchar(255) DEFAULT NULL COMMENT '任务名',
  PRIMARY KEY (`id`)
) ENGINE=MyISAM AUTO_INCREMENT=8 DEFAULT CHARSET=utf8;

/*Data for the table `sys_task` */

insert  into `sys_task`(`id`,`cron_expression`,`method_name`,`is_concurrent`,`description`,`update_by`,`bean_class`,`create_date`,`job_status`,`job_group`,`update_date`,`create_by`,`spring_bean`,`job_name`) values (2,'1/1 * * * * ?','run1','1','','4028ea815a3d2a8c015a3d2f8d2a0002','com.bootdo.common.task.WelcomeJob','2017-05-19 18:30:56','0','group1','2017-05-19 18:31:07',NULL,'','welcomJob');

/*Table structure for table `sys_user` */

DROP TABLE IF EXISTS `sys_user`;

CREATE TABLE `sys_user` (
  `user_id` bigint(20) NOT NULL AUTO_INCREMENT,
  `username` varchar(50) DEFAULT NULL COMMENT '用户名',
  `name` varchar(100) DEFAULT NULL,
  `password` varchar(50) DEFAULT NULL COMMENT '密码',
  `dept_id` bigint(20) DEFAULT NULL,
  `email` varchar(100) DEFAULT NULL COMMENT '邮箱',
  `mobile` varchar(100) DEFAULT NULL COMMENT '手机号',
  `status` tinyint(255) DEFAULT NULL COMMENT '状态 0:禁用，1:正常',
  `user_id_create` bigint(255) DEFAULT NULL COMMENT '创建用户id',
  `gmt_create` datetime DEFAULT NULL COMMENT '创建时间',
  `gmt_modified` datetime DEFAULT NULL COMMENT '修改时间',
  `sex` bigint(32) DEFAULT NULL COMMENT '性别',
  `birth` datetime DEFAULT NULL COMMENT '出身日期',
  `pic_id` bigint(32) DEFAULT NULL,
  `live_address` varchar(500) DEFAULT NULL COMMENT '现居住地',
  `hobby` varchar(255) DEFAULT NULL COMMENT '爱好',
  `province` varchar(255) DEFAULT NULL COMMENT '省份',
  `city` varchar(255) DEFAULT NULL COMMENT '所在城市',
  `district` varchar(255) DEFAULT NULL COMMENT '所在地区',
  PRIMARY KEY (`user_id`)
) ENGINE=InnoDB AUTO_INCREMENT=137 DEFAULT CHARSET=utf8;

/*Data for the table `sys_user` */

insert  into `sys_user`(`user_id`,`username`,`name`,`password`,`dept_id`,`email`,`mobile`,`status`,`user_id_create`,`gmt_create`,`gmt_modified`,`sex`,`birth`,`pic_id`,`live_address`,`hobby`,`province`,`city`,`district`) values (1,'admin','超级管理员','27bd386e70f280e24c2f4f2a549b82cf',6,'admin@example.com','17699999999',1,1,'2017-08-15 21:40:39','2017-08-15 21:41:00',96,'2017-12-14 00:00:00',138,'ccc','122;121;','北京市','北京市市辖区','东城区'),(2,'test','临时用户','6cf3bb3deba2aadbd41ec9a22511084e',6,'test@bootdo.com',NULL,1,1,'2017-08-14 13:43:05','2017-08-14 21:15:36',NULL,NULL,NULL,NULL,NULL,NULL,NULL,NULL),(36,'ldh','刘德华','bfd9394475754fbe45866eba97738c36',7,'ldh@bootdo.com',NULL,1,NULL,NULL,NULL,NULL,NULL,NULL,NULL,NULL,NULL,NULL,NULL),(123,'zxy','张学友','35174ba93f5fe7267f1fb3c1bf903781',6,'zxy@bootdo',NULL,0,NULL,NULL,NULL,NULL,NULL,NULL,NULL,NULL,NULL,NULL,NULL),(124,'wyf','吴亦凡','e179e6f687bbd57b9d7efc4746c8090a',6,'wyf@bootdo.com',NULL,1,NULL,NULL,NULL,NULL,NULL,NULL,NULL,NULL,NULL,NULL,NULL),(130,'lh','鹿晗','7924710cd673f68967cde70e188bb097',9,'lh@bootdo.com',NULL,1,NULL,NULL,NULL,NULL,NULL,NULL,NULL,NULL,NULL,NULL,NULL),(131,'lhc','令狐冲','d515538e17ecb570ba40344b5618f5d4',6,'lhc@bootdo.com',NULL,0,NULL,NULL,NULL,NULL,NULL,NULL,NULL,NULL,NULL,NULL,NULL),(132,'lyf','刘亦菲','7fdb1d9008f45950c1620ba0864e5fbd',13,'lyf@bootdo.com',NULL,1,NULL,NULL,NULL,NULL,NULL,NULL,NULL,NULL,NULL,NULL,NULL),(134,'lyh','李彦宏','dc26092b3244d9d432863f2738180e19',8,'lyh@bootdo.com',NULL,1,NULL,NULL,NULL,NULL,NULL,NULL,NULL,NULL,NULL,NULL,NULL),(135,'wjl','王健林','3967697dfced162cf6a34080259b83aa',6,'wjl@bootod.com',NULL,1,NULL,NULL,NULL,NULL,NULL,NULL,NULL,NULL,NULL,NULL,NULL),(136,'gdg','郭德纲','3bb1bda86bc02bf6478cd91e42135d2f',9,'gdg@bootdo.com',NULL,1,NULL,NULL,NULL,NULL,NULL,NULL,NULL,NULL,NULL,NULL,NULL);

/*Table structure for table `sys_user_plus` */

DROP TABLE IF EXISTS `sys_user_plus`;

CREATE TABLE `sys_user_plus` (
  `id` bigint(20) NOT NULL AUTO_INCREMENT,
  `user_id` bigint(20) NOT NULL,
  `payment` double DEFAULT NULL,
  PRIMARY KEY (`id`)
) ENGINE=InnoDB DEFAULT CHARSET=utf8;

/*Data for the table `sys_user_plus` */

/*Table structure for table `sys_user_role` */

DROP TABLE IF EXISTS `sys_user_role`;

CREATE TABLE `sys_user_role` (
  `id` bigint(20) NOT NULL AUTO_INCREMENT,
  `user_id` bigint(20) DEFAULT NULL COMMENT '用户ID',
  `role_id` bigint(20) DEFAULT NULL COMMENT '角色ID',
  PRIMARY KEY (`id`)
) ENGINE=InnoDB AUTO_INCREMENT=135 DEFAULT CHARSET=utf8 COMMENT='用户与角色对应关系';

/*Data for the table `sys_user_role` */

insert  into `sys_user_role`(`id`,`user_id`,`role_id`) values (73,30,48),(74,30,49),(75,30,50),(76,31,48),(77,31,49),(78,31,52),(79,32,48),(80,32,49),(81,32,50),(82,32,51),(83,32,52),(84,33,38),(85,33,49),(86,33,52),(87,34,50),(88,34,51),(89,34,52),(106,124,1),(111,2,1),(113,131,48),(117,135,1),(120,134,1),(121,134,48),(123,130,1),(124,NULL,48),(125,132,52),(126,132,49),(127,123,48),(132,36,48),(134,1,1);

/*!40101 SET SQL_MODE=@OLD_SQL_MODE */;
/*!40014 SET FOREIGN_KEY_CHECKS=@OLD_FOREIGN_KEY_CHECKS */;
/*!40014 SET UNIQUE_CHECKS=@OLD_UNIQUE_CHECKS */;
/*!40111 SET SQL_NOTES=@OLD_SQL_NOTES */;
